セッションタイトル,セッション概要,トラック,セッションレベル,対象オーディエンス,スピーカー名,スピーカーAlias,ヨミガナ,会社名,部署名,役職,セッションで使用する言語,他のスピーカ,Internal or External,受講対象文言,関連MVA(1)タイトル,関連MVA(1)URL,関連MVA(2)タイトル,関連MVA(2)URL,関連MVA(3)タイトル,関連MVA(3)URL,関連製品テクノロジーキーワード,セッションID,Discloser Plan,Item Type,Path
今だからもう一度確認したい、クライアントテクノロジーの概要と選択,"新たに UWP が登場した Windows のクライアントプラットフォーム。 我々は Web、Windows フォーム、WPF、Windows ランタイムに UWP、さらにはハイブリッドアプリなど様々な技術を用途に合わせて選択することができます。
そこでこのセッションではそれらの各テクノロジーを改めて紐解きながら、どういった場面でどういったテクノロジーを採用したらよいのか、また今後の変化をを見据えたうえで、クライアントアプリケーションの実装モデルをどのように構築したらよいのか、といった点にフォーカスしながらデモを交えて解説します。",4.Client,300,開発者;#ITプロ;#アーキテクト,高橋 忍,shintak,タカハシ シノブ,日本マイクロソフト株式会社,デベロッパー エバンジェリズム統括本部,プラットフォーム エバンジェリスト,日本語,,Internal Only,開発のためのセッションですが、実装方法というよりも開発技術を理解するといった内容ですので、どのタイプのエンジニアの方でもご興味があればぜひご参加ください。,,,,,,,UWP開発;#クロスプラットフォーム;#Windows;#Visual Stuido;#.NET;#Windows Phone;#Xbox;#IoT & デバイス,CLT-001,1. 第一弾,Item,teams/decode2016spk/Lists/BSInfo
クラウドで広げる広がる UWP アプリの世界,クラウドファースト、モバイルファーストの世界において生まれてきた UWP アプリは、様々なデバイス上で動くだけでなく、もちろんクラウドとの相性も抜群です。本セッションでは、Azure を使わない方法から Azure を活用する方法まで、やりたいこと、できることベースに UWP アプリの世界をどのように広げていけるのかについて解説します。,4.Client,300,開発者,田中達彦,ttanaka,タナカタツヒコ,日本マイクロソフト株式会社,デベロッパー エバンジェリズム統括本部,エバンジェリスト,日本語,,Internal Only,,,,,,,,UWP開発;#クラウド開発;#Windows;#Microsoft Azure;#Windows Phone;#クラウド,CLT-010,1. 第一弾,Item,teams/decode2016spk/Lists/BSInfo
Windows 10 デバイスと UWP 完全解説,Raspberry Pi 2 のような IoT デバイスから PC、スマートフォン、タブレットはもちろん、Xbox から HoloLens に至るまで様々なデバイスに対応した Windows 10。その各デバイスと UWP はどのように関係にあり、各デバイスへの対応はどのようしたらよいのか？これから Windows10 アプリに対応するために抑えておかなければならないこのポイントをしっかり解説します。皆さんのアプリをいつか、HoloLens で起動させるためにも、ここはしっかり押さえておいてください。,4.Client,300,開発者,高橋 忍,shintak,タカハシ シノブ,日本マイクロソフト株式会社,デベロッパー エバンジェリズム統括本部,プラットフォーム エバンジェリスト,日本語,,Internal Only,Windows アプリケーション開発にかかわるすべての皆様、そしてそこに興味がある皆さまはぜひご参加ください。,,,,,,,UWP開発;#Windows;#Windows Phone;#Xbox;#IoT & デバイス,CLT-002,1. 第一弾,Item,teams/decode2016spk/Lists/BSInfo
UWP で業務パッケージやエンタープライズ LOB は行けるのか？ ～ UWP アプリによる業務システムの開発と展開 ～,"企業システムと親和性の高い Windows 10 や Windows 10 Mobile への関心の高まりと共に、業務のベストプラクティスを UWP アプリとして開発や展開する事例が増えてきています。本セッションでは、業務アプリ開発に利用できる UWP の API や、ビジネス向けのアプリ配置に活用できる Windows ストアやサイドローディングにおける留意点、UWP アプリの開発から展開について解説します。
",4.Client,300,開発者;#ITプロ;#アーキテクト,佐藤 直樹,naokis,サトウ ナオキ,日本マイクロソフト株式会社,デベロッパー エバンジェリズム統括本部,テクニカルエバンジェリスト,日本語,,Internal Only,,,,,,,,UWP開発;#Windows,CLT-003,1. 第一弾,Item,teams/decode2016spk/Lists/BSInfo
インサイド UWPアプリ,Windows 10 では、Windows Runtime の発展形である UWP へのアプリ環境へと更新されています。新しいスタート メニューの提供とともに、Windows のシェルである Windows Explorer も目に見えないところで、Windows 8.1 から改良が行われています。本セッションでは、アプリ環境である UWP と Windows シェルとの関係を説明します。,4.Client,400,開発者,荒井　省三,shozoa,アライ　ショウゾウ,日本マイクロソフト株式会社,デベロッパー エバンジェリズム統括本部,エバンジェリスト,日本語,,Internal Only,UWP アプリ開発に携わる皆様。特に、UWP アプリのトラブル シューティングに興味をお持ちの方は、ぜひご参加ください。,,,,,,,UWP開発;#Windows,CLT-012,1. 第一弾,Item,teams/decode2016spk/Lists/BSInfo
音声を活用した UWP アプリの拡張 ～ Cortana、音声合成、音声認識 ～,Windows 10 の特長的な機能の一つのパーソナル アシスタントである Cortana。Cortana はアプリと連動させることができるため、単なるアシスタント以上の活躍をさせることができます。本セッションでは、アプリと Cortana の連動や、Cortana を使わずにアプリを音声の入出力に対応させる方法を解説し、アプリの可能性を広げるヒントを紹介します。,4.Client,300,開発者,田中達彦,ttanaka,タナカタツヒコ,日本マイクロソフト株式会社,デベロッパー エバンジェリズム統括本部,エバンジェリスト,日本語,,Internal Only,,,,,,,,UWP開発;#Windows,CLT-015,2. 第二弾,Item,teams/decode2016spk/Lists/BSInfo
Windows 10 におけるアプリの互換性と移行,Windows 10 では、アプリの動作モードが変更されて、Windows 7 と同じウィンドウを持つようになりました。利用者からは、デスクトップ アプリと UWP アプリの見え方に違いはなく、目的に応じてシームレスとにアプリが使えることが求められます。本セッションでは、アプリの互換性を確保するために必要な作業を初めとして、UWPアプリへ移行する方法とタッチと親和性の高い UWP アプリを組み合わせるための相互連携技術まで説明します。,4.Client,300,開発者,荒井　省三,shozoa,アライ　ショウゾウ,日本マイクロソフト株式会社,デベロッパー エバンジェリズム統括本部,エバンジェリスト,日本語,,Internal Only,Windows 10 対応を考えている開発者の皆様。,,,,,,,Windows,CLT-004,1. 第一弾,Item,teams/decode2016spk/Lists/BSInfo
HoloLens アプリ開発 ～世界を変えてしまうテクノロジー～,ホログラフィック コンピューティングを実現する Microsoft HoloLens は、パワフルかつまったく新しいホログラフィック プラットフォームであり、Microsoft Windows 10 ファミリーです。Microsoft HoloLens を使用すると現実世界と仮想世界の時間と空間を融合 (Mixed Reality) させることができますが、そのためにはデバイスの機能と特長を理解しておく必要があります。本セッションでは Microsoft HoloLens の重要かつ特長的な機能と Mixed Reality の設計、アプリ開発手法およびアプリ モデルについてご紹介します。世界を変えてしまうテクノロジーにいち早く触れてください。,4.Client,300,開発者,千葉 慎二,shinjich,チバ シンジ,日本マイクロソフト株式会社,デベロッパー エバンジェリズム統括本部,エバンジェリスト,日本語,,Internal Only,,,,,,,,UWP開発;#Windows;#IoT & デバイス,CLT-007,2. 第二弾,Item,teams/decode2016spk/Lists/BSInfo
HoloLens 概要 ～世界をみる新しい方法～,ホログラムはコンピューティングにおける大きな革命です。クリエーターや開発者など多くの人たちが心に描いたハードウェア、ソフトウェアを目に見えるかたちにできます。Microsoft HoloLens は光を放つことによってイメージを造り、音により臨場感を増し、そしてコントロールすることによってホログラムの世界を変えることのできる新しいデバイスです。本セッションでは、ホログラフィック プラットフォームの基本的な考え方と類似プラットフォームとの比較、それによる開発スタイルの変革や活用アイデアについてご紹介します。,4.Client,300,開発者,千葉 慎二,shinjich,チバ シンジ,日本マイクロソフト株式会社,デベロッパー エバンジェリズム統括本部,エバンジェリスト,日本語,,Internal Only,,,,,,,,UWP開発;#Windows;#IoT & デバイス,CLT-006,2. 第二弾,Item,teams/decode2016spk/Lists/BSInfo
Windows 10 アプリとシングルサインオン～Microsoft Passport の意義とその実装方法,"シングルサインオン（SSO）はセキュリティの要です。その理由はセッション内でいやというほど詳しくお話ししますが、安全性を追求すると必然的にSSO になってしまうのです。問題は SSO の実装方法です。
Windows 10 からあらたに実装された Microsoft Passport、そしてそれとともに動作する生体認証機能 Windows Hello をご存知でしょうか？これもセッション内で詳しく解説しますが、「安全性」と「手軽さ」を兼ね備えた、現時点では究極の認証方法と言えるでしょう。
本セッションでは、「シングルサインオン」に主眼を置き、アプリケーションが実装すべき安全性と、Windows 10 アプリを Microsoft Passport および Windows Hello に対応させる方法について詳しく解説いたします。
皆さんのアプリケーションのパンフレットに「生体認証対応！」と書かれていたらどんなにすばらしいか想像してみてください。",4.Client,300,開発者;#ITプロ;#アーキテクト,安納 順一,junichia,あんのう じゅんいち,日本マイクロソフト株式会社,デベロッパー エバンジェリズム統括本部,プリンシパル テクニカル エバンジェリスト,日本語,,Internal Only,アプリケーション開発者、インフラアーキテクト設計者,,,,,,,UWP開発;#情報セキュリティ;#エンタープライズモビリティ;#Windows,CLT-009,2. 第二弾,Item,teams/decode2016spk/Lists/BSInfo
Cloud First をリードする Azure SQL Database の仕組みと新機能,SQL Server をベースとした PaaS のリレーショナル データベースである Azure SQL Database は、SQL Server のテストヘッドも兼ね、新しい機能が次々に実装されています。また、V12 として識別される現行バージョンでは、SQL Server 2016 の機能が先行搭載され、PaaS のデータベースとして豊富な機能を提供しています。本セッションでは、Azure SQL Database のアーキテクチャを解説すると同時に、現行バージョンで利用できる新機能（Preview）含むを紹介します。,2.Data Platform,300,ITプロ;#アーキテクト,北川　剛,tskitaga,キタガワ ツヨシ,日本マイクロソフト株式会社,クラウド＆エンタープライズビジネス本部,エグゼクティブ プロダクト マネージャー,日本語,,Internal Only,リレーショナル データベースを使用する上で PaaS を検討されている方や、PaaS のリレーショナル データベースにご興味をお持ちの方はぜひご参加ください。,Azure SQL DB/SQL Server 2016 Performance,,SQL Server on Azure,,Azure SQL Data Warehouse,,クラウド開発;#情報セキュリティ;#Microsoft Azure;#SQL Server;#クラウド,DBP-004,1. 第一弾,Item,teams/decode2016spk/Lists/BSInfo
200 時間以上お客様と向き合ってみえた Team Foundation Server による開発業務効率化の実現方法,本セッションでは、講師が 5 か月で 200 時間以上向き合ったお客様の声をもとに、Team Foundation Server / Visual Studio Team Services で実現する開発業務効率化のポイントと失敗しない導入方法をご紹介します。,1.Development,300,開発者;#ITプロ,武田 正樹,masakit,タケダ マサキ,日本マイクロソフト株式会社,デベロッパー エバンジェリズム統括本部,テクノロジー スペシャリスト,日本語,,Internal Only,"開発業務の効率化に興味をお持ちの方はぜひご参加ください。マイクロソフト技術だけでなく、Java, iOS 開発者の方も必見です。",,,,,,,DevOps(チーム開発);#Visual Stuido;#クラウド;#運用,DEV-005,1. 第一弾,Item,teams/decode2016spk/Lists/BSInfo
SQL Serve 2016 R Services、Microsoft R Server の構成と実行アーキテクチャー,"SQL Server 2016 で R 言語を並列分散実行できる R Services 機能が追加されます。また、Linux など向けに Microsoft R Server を提供しています。これら R に関する機能がどのようなアーキテクチャーで動き、どのように構成がとれるのかについてご説明します。
尚、R 言語自体の説明は本セッションには含みませんが、本セッションは実行基盤にフォーカスした内容のため R 言語の詳細な知識は不要です。",2.Data Platform,300,ITプロ;#アーキテクト,笹木　幸一郎,kosasaki,ササキ　コウイチロウ,日本マイクロソフト株式会社,Global Black Belt,アナリティクス テクノロジーソリューションプロフェッショナル,日本語,,Internal Only,R 言語を実システムの1構成要素としたいデータ分析担当者、IT プロの皆さま,,,,,,,開発言語;#SQL Server;#ビッグデータ,DBP-007,1. 第一弾,Item,teams/decode2016spk/Lists/BSInfo
真のクラウドベース EMM　～マイクロソフトのモビリティ戦略はいかにユニークか～,マイクロソフトのモビリティ製品であるEnterprise Mobility Suite が実現するエンタープライズモビリティマネジメント (EMM) の理想の姿をご紹介します。その中でも、特にMicrosoft Intune を中心としたデバイス管理、アプリケーション管理、及び条件付きアクセスについて、他社ソリューションとの仕組みの違いを交えながら解説します。Windows 10 Mobile 端末の管理及びキオスク化についてもご紹介します。,3.Infrastructure,300,ITプロ,高橋大志,hitak,たかはしひろし,日本マイクロソフト株式会社,クラウド＆ソリューションビジネス統括本部,テクノロジーソリューションズプロフェッショナル,日本語,,Internal Only,企業において PC を含めたデバイスの管理に携わっている方、及びワークスタイル変革を推進されている方。,,,,,,,情報セキュリティ;#エンタープライズモビリティ;#Microsoft Intune;#Office 365,INF-026,1. 第一弾,Item,teams/decode2016spk/Lists/BSInfo
Windows 10 の展開　～プロビジョニングの真実～,Windows 10 が一般提供されてから約10か月。その10か月を振り返って、Windows 10 とともに導入された新たな展開手法（インプレースアップデート＆プロビジョニング）をリアルなシナリオで解説します。また本セッションでは、Windows 10 の複数のプロビジョニング手法にて、できること・できないことを切り分けながら、適切な Windows 10 展開手法の選択にたどり着く道をご案内します。,3.Infrastructure,300,ITプロ,Samir Hammoudi,sahammou,ハムディ サミール,日本マイクロソフト株式会社,クラウド＆ソリューションビジネス統括本部,テクノロジーソリューションズプロフェッショナル,日本語,,Internal Only,,,,,,,,Windows;#System Center;#運用,INF-024,1. 第一弾,Item,teams/decode2016spk/Lists/BSInfo
マイクロソフトの特権管理ソリューションの全貌 ～狙われる特権を守れ！～,"サイバー セキュリティの最も基本的な対策は、意図されたユーザー本人だけがそのユーザーの ID を利用できるようにすることです。
ファイル サーバーのアクセス権設定や MDM による持ち出し端末の管理などの様々なセキュリティ対策を実施していも、ID の不正利用 (サイバー攻撃や内部者による攻撃など) が発生すると、たちまち対策の効果が無効化されてしまいます。
特に、多くの攻撃者は管理者特権の ID を得ることを目的としているため、近年のセキュリティ対策では特権管理が重要になっています。
クラウドとオンプレミスの両方の環境におけるマイクロソフトの特権管理ソリューションの全貌とその効果をご紹介します。",3.Infrastructure,300,ITプロ,成田 翔,snarita,ナリタ ショウ,日本マイクロソフト株式会社,クラウド＆ソリューションビジネス統括本部,テクノロジーソリューションズプロフェッショナル,日本語,,Internal Only,,,,,,,,情報セキュリティ;#エンタープライズモビリティ;#Microsoft Azure;#Windows Server;#Office 365;#クラウド;#運用,INF-023,3. 第三弾,Item,teams/decode2016spk/Lists/BSInfo
新しく生まれ変わったデータアクセス テクノロジ　～ Entity Framework Core 1.0 の全貌 ～,"2008 年に登場した Entity Framework (EF) は 継続してバージョンアップを続け現在は EF6 が提供されています。ただし時代はかわりました。.NET のオープンソース化、マルチプラットフォーム対応の流れに沿ってEFは新しくはEntity Framework Core 1.0（以前はEntity Framework 7という名前）として生まれ変わります。このセッションでは従来のEFと比較して一体何が変わったのか？という疑問にお答えします。
",1.Development,300,開発者,井上 大輔,daisukei,イノウエ ダイスケ,日本マイクロソフト株式会社,デベロッパー エバンジェリズム統括本部,テクニカル エバンジェリスト,日本語,,Internal Only,新しい開発技術に興味をお持ちの方は是非ご参加ください。,,,,,,,Web開発;#Visual Stuido;#.NET,DEV-003,1. 第一弾,Item,teams/decode2016spk/Lists/BSInfo
企業で使える Windows 10 ～現実的なアプリ&デバイス管理～,"Windows 10 がリリースされて間もなく 1 年あまり。企業内で利用するには、やはり管理面と互換性が気になります。適切に管理されたデバイスは、管理者にとってはもとより、利用者としても安心して使うことができます。
本セッションでは、デスクトップ アプリ/UWP アプリ/Web アプリ (IE/Edge) の管理手法を中心に、Windows 10 を違和感なく展開するための『現実的な』管理方法についてご紹介します。",3.Infrastructure,300,ITプロ,東條 敏夫,totojo,トウジョウ トシオ,日本マイクロソフト株式会社,クラウド＆ソリューションビジネス統括本部,テクノロジーソリューションズプロフェッショナル,日本語,,Internal Only,,,,,,,,Windows;#運用,INF-025,2. 第二弾,Item,teams/decode2016spk/Lists/BSInfo
実践！ Windows as a Service との上手な付き合い方 ～新しい OS 更新管理の徹底解説～,Windows 10 は、Windows as a Service の概念の元、定期的に機能強化がなされる”成長するOS”となっています。更新プログラムの提供方法や機能アップグレードモジュールの展開など従来の Windows OS と管理方法が異なってきます。本セッションでは Windows 10の更新プログラム管理と機能アップグレードの運用管理を既存インフラ上でおこなうための手法や留意点について紹介します。,3.Infrastructure,300,ITプロ,胡口敬郎,takoguch,コグチタカオ,日本マイクロソフト株式会社,クラウド＆ソリューションビジネス統括本部,テクノロジースペシャリスト,日本語,,Internal Only,組織のインフラ上でWindows 10 がインストールされた PC の運用管理をしている全ての皆さま,,,,,,,Windows;#運用,INF-021,1. 第一弾,Item,teams/decode2016spk/Lists/BSInfo
なぜ「今」Windows 10 が必要なのか？ Windows 10 最強セキュリティ機能大解剖 ,年内で観測されたマルウェアの数は約200万。近年急速に増加し変化し続けるセキュリティ脅威に加え、内部不正による情報漏えいが多々増加している。　その影響として経済、顧客情報、評判の損失と戦っている企業が多い中、一つのニュースが上がってきた。「米国防総省 400万台のPCを年内にWindows 10 へアップグレード」。このセッションではなぜWindows 10が「今」必要なのか、また必要とされているのかをセキュリティ観点で徹底的に解剖し、皆様へ最強のセキュリティ対策をご紹介致します。,3.Infrastructure,300,ITプロ,武藤健史,tamuto,ムトウタケシ,日本マイクロソフト株式会社,クラウド＆ソリューションビジネス統括本部,ソリューションスペシャリスト,日本語,,Internal Only,最新のセキュリティ機能にご興味をお持ちの方はぜひご参加ください。,,,,,,,Windows;#Microsoft Intune,INF-022,1. 第一弾,Item,teams/decode2016spk/Lists/BSInfo
Updated：５年後のアプリケーションアーキテクチャを考える,de:code 2015で行った同一テーマの最新動向を3つの技術で解説します。分析系ではバッチとストリームデータのリアルタイムデータ分析、更新系では新しいハードウェアによる高性能OLTPとデータベース技術、そして、ステートフルなマイクロサービスアーキテクチャです。技術の出現の背景と普及のための条件、今後のアプリケーション開発への影響と、性能、耐障害性、プログラミングモデルなどを議論します。,6.Architecture,400,アーキテクト,萩原正義,masayh,ハギワラ　マサヨシ,日本マイクロソフト株式会社,エンタープライズパートナ営業統括本部,パートナー・クラウドソリューションアーキテクト,日本語,,Internal Only,,de:code 2015 special session ～マイクロソフトが考える 5 年後を見据えた技術提言～,https://channel9.msdn.com/Events/de-code/decode-2015/SPL-001,,,,,クラウド開発;#Microsoft Azure;#クラウド;#ビッグデータ;#IoT & デバイス,ARC-001,1. 第一弾,Item,teams/decode2016spk/Lists/BSInfo
Azure Stack 徹底解剖,"Azure の技術をそのまま自社データセンターに持ち込める Azure Stack。Azure Resource Manager ベースで動作し、Azure と同じ UI、同じコマンド、同じテンプレートで運用が可能な点などが注目されていますが、その内部を掘り下げていくとマイクロサービスやサービスファブリックにまでにたどり着くことがわかりました。
本セッションでは、デモを交えながら、Azure Stack の内部構造を徹底解説します。",3.Infrastructure,400,開発者;#ITプロ;#アーキテクト,高添　修,osamut,タカゾエ　オサム,日本マイクロソフト株式会社,デベロッパー エバンジェリズム統括本部,エバンジェリスト,日本語,,Internal Only,Azure Stack というツールに興味がある方はもちろんのこと、プライベートクラウド、パブリッククラウド、SDN、SDS、自動化、セルフサービスなどに興味がある方は、是非ご参加ください。,,,,,,,Microsoft Azure;#Windows Server;#Software Defined Datacenter;#クラウド;#運用,INF-013,1. 第一弾,Item,teams/decode2016spk/Lists/BSInfo
Nano Server だけでここまでできる！ ～極小サーバーの使い方～,"数百 MB の C ドライブで動く Nano Server は、多機能こそがすべてだった企業向け製品の歴史を打ち砕き、小さい事が武器になり得ることを証明してくれようとしています。
本セッションでは、Nano Server だけでどれほどのシステムが実現できるのかを、プライベートクラウド基盤構築と仮想マシンやコンテナの上で動作するワークロードの2つをテーマに、デモを交えながら解説します。",3.Infrastructure,300,ITプロ,小塚 大介,v-dkozu,コヅカ ダイスケ,日本マイクロソフト株式会社,デベロッパー エバンジェリズム統括本部,オーディエンス エバンジェリズム マネージャー,日本語,"太田　卓也 (オオタ　タクヤ) takuyaot

カスタマーサービス & サポート
ビジネス統括本部
デベロッパーツールズ
インターネットエクスプローラーサポート",Internal Only,DevOps や Immutable Infrastructure を志すうえで重要となる小ささにこだわったサーバーOSに興味をもってくださる方はぜひご参加ください。,,,,,,,Web開発;#DevOps(チーム開発);#Microsoft Azure;#Windows Server;#Visual Stuido;#.NET;#Software Defined Datacenter;#クラウド;#運用,INF-019,1. 第一弾,Item,teams/decode2016spk/Lists/BSInfo
認証強度を高めるための”多要素認証”活用 Deep Dive,"既に多くの皆様にご利用いただいている Azure Active Directory 多要素認証（MFA）は、アプリケーションに依存しないだけでなく、MFAを呼び出す条件を指定するなど、きめの細かな制御が可能です。
本セッションでは、さらに深くMFAを使いこなしていただくための認証基盤の設計手法や新たに独自の認証要素を追加するための開発手法について解説します。
",6.Architecture,300,開発者;#ITプロ;#アーキテクト,安納　順一,junichia,アンノウ　ジュンイチ,日本マイクロソフト株式会社,デベロッパー エバンジェリズム統括本部,プリンシパル テクニカル エバンジェリスト,日本語,,Internal Only,,,,,,,,Web開発;#UWP開発;#情報セキュリティ;#エンタープライズモビリティ,ARC-002,1. 第一弾,Item,teams/decode2016spk/Lists/BSInfo
認証とか認可でもやもやしている方のための公開相談室,ユーザー管理や認証、そして認可を正しく理解するには、膨大な量の読書と長い経験が必要です。でも、なかなかそんな時間が取れないのが実情。本セッションは、みなさんがお持ちの疑問に対して、テクニカルエバンジェリストに加え、セキュリティサポート担当、そして現場でいやというほどアイデンティティ関連案件を担当しているMicrosoft MVPが経験と知識をフルに動員して我先に回答するチョークトークです。,9.Chalk Talk,300,ITプロ;#アーキテクト,安納 順一,junichia,アンノウ　ジュンイチ,日本マイクロソフト株式会社,デベロッパー エバンジェリズム統括本部,エバンジェリスト,日本語,"日本マイクロソフト テクニカルエバンジェリスト 松崎剛
日本マイクロソフト セキュリティプログラムマネージャー  村木 由梨香
MVP for Enterprise Mobility 富士榮尚寛
",External,,,,,,,,情報セキュリティ;#運用,CHK-003,1. 第一弾,Item,teams/decode2016spk/Lists/BSInfo
All about DevOps ? DevOps 第一人者のガチトークバトル！,元AWS、アジャイル / DevOps コーチで著名な吉羽龍太郎氏、日本人唯一の公式Dockerトレーナそして、HashiCorpエバンジェリスト、クリエーションラインの前佛雅人氏、MS系ITProの人気エバンジェリスト高添修、そしてマイクロソフトコーポレーションDevOps シニアテクニカルエバンジェリストの牛尾でお届けする日本のDevOps の現状と、技術について語りつくす最高に刺激的なチョークトークセッションです。このセッションは過激な内容が予想されるので、レコーディングされないかもしれません。DevOps の動向と、技術にの実際のところについて知りたい人、DevOps を実践していきたい人には最高におすすめのセッションになっております。お早めに！,9.Chalk Talk,400,開発者;#ITプロ;#アーキテクト,牛尾 剛,tsushi,ウシオ　ツヨシ,マイクロソフトコーポレーション,ITPro - Japan,シニアテクニカルエバンジェリスト ,日本語,"Agile , DevOps, Cloud コーチ　吉羽龍太郎
クリエーションライン　前佛雅人
日本マイクロソフト　エバンジェリスト　高添修",External,DevOpsに関わる全ての皆さま,,,,,,,DevOps(チーム開発),CHK-001,1. 第一弾,Item,teams/decode2016spk/Lists/BSInfo
SQL Server 2016 Operational Analytics によるデータ活用,SQL Server 2016 では Operational Analytics という概念に基づいた、新たなデータ活用方法が提唱されています。従来のデータ利用方法との比較を交えながら、そのメリットや実現できること、さらには考慮点などについて紹介します。,2.Data Platform,300,ITプロ;#アーキテクト,平山　理,osamuhir,ヒラヤマ　オサム,日本マイクロソフト株式会社,プレミア フィールド エンジニアリング部,シニア プレミア フィールドエンジニア,日本語,,Internal Only,,,,,,,,,DBP-005,1. 第一弾,Item,teams/decode2016spk/Lists/BSInfo
ここまでできる！ Visual Studio 2015 ～ 強化された C/C++ クロスプラットフォーム開発解説 ～,最新の Visual Studio 2015 は、Android や iOS の Native アプリ開発ができるだけでなく、GNU コンパイラによるコンパイル & ビルド、GDB によるデバッグが可能です。これにより、Linux サーバーや組込み OS 上の C/C++ によるアプリ開発が可能になりました。本セッションでは、強化された C/C++ によるクロスプラットフォーム開発を中心に、MFC をはじめとする従来機能も含め、C/C++ による Native アプリ開発の最新機能を解説します。,1.Development,300,開発者,太田 寛,hirosho,オオタ ヒロシ,日本マイクロソフト株式会社,デベロッパー エバンジェリズム統括本部,テクニカルエバンジェリスト,日本語,,Internal Only,C/C++言語でソフトウェア開発を行っているすべての開発者の皆様、是非ご参加ください,,,,,,,クラウド開発;#DevOps(チーム開発);#開発言語;#クロスプラットフォーム;#Windows;#Microsoft Azure;#Visual Stuido;#クラウド;#IoT & デバイス,DEV-009,1. 第一弾,Item,teams/decode2016spk/Lists/BSInfo
No Things No Life ~ モノ、IoTの達人集合、何ができるか聞いてみよう！,"IT業界、組込み業界も含め、産業界で注目を集めているIoT。しかしてその実態は、適用範囲が広すぎてよくわからないと感じている人も多いことでしょう。
本セッションでは、IoTを構築するのに必須なモノやサービスを提供している、あるいは、実際にIoTの構築・運用に携わっているプロフェッショナルの皆様に、IoTを実際に構築するときの壁や留意点も交えながら、モノとITが融合して描く未来を語りつくしていただきます。",9.Chalk Talk,200,開発者;#アーキテクト,太田　寛,hirosho,オオタ　ヒロシ,日本マイクロソフト株式会社,デベロッパー エバンジェリズム統括本部,エバンジェリスト,日本語,,Internal Only,IoTに関わる全ての皆さまは是非ご参加ください。,,,,,,,IoT & デバイス,CHK-002,1. 第一弾,Item,teams/decode2016spk/Lists/BSInfo
モダン Web : たった今と、ほんの少し未来のはなし,"Webの誕生以来、関連技術は加速度的に進歩しており、今後もそのスピード緩まることはないでしょう。HTML5、スマートデバイス、IoT、など、エポックメイキングな要素に事欠きません。これからのWebシステムはその進歩のメリットを享受しつつ、変化に耐えられることが肝要です。このセッションでは""について知りたい人、DevOps を実践していきたい人には最高におすすめのセッションになっております。お早",6.Architecture,300,開発者,物江 修,osamum,モノエ オサム,日本マイクロソフト株式会社,デベロッパー エバンジェリズム統括本部,エバンジェリスト,日本語,,Internal Only,,,,,,,,Web開発,ARC-003,1. 第一弾,Item,teams/decode2016spk/Lists/BSInfo
Azureでのセキュアネットワーキング,仮想ネットワークのセキュリティをどのように実現するか、仮想ネットワークでどこまでできるのか。ARMになってより柔軟に、より安全に（できるように）なった仮想ネットワークについて、従来との差、オンプレミスとの差をまじえて解説します。,3.Infrastructure,300,開発者;#ITプロ;#アーキテクト,土居 昭夫,akdoi,ドイ アキオ,日本マイクロソフト株式会社,クラウド&ソリューションビジネス統括本部　第二Azure技術部,クラウドソリューションアーキテクト,日本語,,Internal Only,Microsoft Azure でインフラ設計を担当する皆様に。特にネットワークを含めたサーバーサイドの構築を行う方はぜひご参加ください。,,,,,,,Microsoft Azure;#クラウド,INF-003,1. 第一弾,Item,teams/decode2016spk/Lists/BSInfo
「Azure を利用したエンタープライズ Java アプリケーション開発の今とこれから !!」 ,"本セッションは、今すぐエンタープライズ環境で利用可能な Java on Azure の利用方法についてデモを交えながらご紹介します。
前半部では、Twitter4J など OSS アプリ開発者として著名な、株式会社サムライズム CEOの 山本 裕介氏をお迎えし、Java の開発者で人気の統合開発環境である IntelliJ IDEA から Azure を利用したデモを行うほか、Twitter4Jを利用してリアルタイムのTwitterデータ解析・可視化などをおこなうデモなども行います。後半では、ミッション・クリティカルなサービスを安全に提供させるための Java on Microsoft Azure の活用方法をご紹介します。",7.DevOps & OSS,300,開発者,寺田佳央,yoterada,テラダヨシオ,日本マイクロソフト株式会社,デベロッパー エバンジェリズム統括本部,シニア・テクニカル・エバンジェリスト,日本語,"山本 裕介氏（ヤマモトユウスケ）
株式会社サムライズム",External,Java アプリケーションの開発に携わるみなさま、最新の Java on Azure にご興味をお持ちの方はぜひご参加ください。,,,,,,,Web開発;#情報セキュリティ;#OSS;#Microsoft Azure;#SQL Server;#クラウド,DOO-001,1. 第一弾,Item,teams/decode2016spk/Lists/BSInfo
ここまで出来る ! Azure AD と Office 365 連携開発の先進手法,Office 365 のアプリケーション開発は、データの読み書きだけではありません。本セッションでは、Office 365 の認証基盤である Azure Active Directory (Azure AD) と Office 365 API の最近プレビュー公開 (またはリリース) された新機能を用いて、高度なシナリオを実現する開発手法を実際のデモをまじえて紹介します。,5.Productivity,300,開発者,松崎剛,tsmatsuz,マツザキツヨシ,日本マイクロソフト株式会社,デベロッパー エバンジェリズム統括本部,エバンジェリスト,日本語,,Internal Only,Office 365 の連携開発の経験者や、これから開発をはじめようとお考え方は、ぜひご参加ください。,,,,,,,Web開発;#Office 365;#クラウド,PRD-004,1. 第一弾,Item,teams/decode2016spk/Lists/BSInfo
Skype Developer Platform によるアプリケーション開発の最新情報,Skype の開発基盤は Web の標準化と共に進化していきます。本セッションでは、ブラウザーやスマート フォンを使ったビデオ会議など、オンプレミスとクラウドにおける Skype の最新 API と今後のマイルストーンを紹介します。,5.Productivity,200,開発者,松崎剛,tsmatsuz,マツザキツヨシ,日本マイクロソフト株式会社,デベロッパー エバンジェリズム統括本部,エバンジェリスト,日本語,,Internal Only,Skype for Business および Skype for Business Online を使った開発にご興味をお持ちの方はぜひご参加ください。,,,,,,,Web開発;#クラウド開発;#Office 365;#クラウド,PRD-005,1. 第一弾,Item,teams/decode2016spk/Lists/BSInfo
Office 365 Enterprise E5 による高度な音声プラットフォームの展開,Skype for Business OnlineによるCloud PBXの構成と展開について説明を行います。,5.Productivity,300,ITプロ,森 健太郎,kemori,モリ ケンタロウ,日本マイクロソフト株式会社,CSS  ASG  Unified Communications Support,Premier Field Engineer,日本語,検討中,Internal Only,,,,,,,,Office 365;#クラウド,PRD-001,1. 第一弾,Item,teams/decode2016spk/Lists/BSInfo
わかる！ExpressRoute for Office 365 ,"Office 365 を ExpressRoute で使用すると何が実現できるのか、昨年 12 月より提供を開始している ExpressRoute for Office 365 について分かりやすく解説します。 

受講対象：導入をご検討中のエンドユーザー様や提案をご検討中のパートナー様はぜひご参加ください。",5.Productivity,200,ITプロ,廣瀬 望,nhirose,ヒロセ ノゾム,マイクロソフト株式会社,,"Security, Identity and Networking Technology Solutions Professional",日本語,"NTTコミュニケーションズ株式会社 ネットワークサービス部
マネージャー 飯塚 淳史 様

株式会社インターネットイニシアティブ
ソリューション本部 エンタープライズソリューション部
MSソリューション推進課　  高橋 烈 様
",External,,,,,,,,情報セキュリティ;#Office 365;#クラウド,PRD-003,1. 第一弾,Item,teams/decode2016spk/Lists/BSInfo
Azure IaaS 最新動向,"本セッションでは、数ある Azure サービスの中でも引き合いの多い Azure IaaS の最新動向についてわかりやすく解説します。これから主流となっていく Azure IaaS V2 の利点、VM Scale Set など、ここ最近強化された IaaS 周りの新しいテクノロジーや、今後のロードマップについてご紹介します。

受講対象：Azure IaaS V1 を既にご利用頂いている方はもちろん、これから Azure IaaS をご検討されている方は、是非ご参加ください。",3.Infrastructure,300,ITプロ;#アーキテクト,池田 祐一,yuichii,イケダ ユウイチ,日本マイクロソフト株式会社,クラウド&ソリューションビジネス統括本部　Azure技術部,クラウドソリューションアーキテクト,日本語,,Internal Only,,,,,,,,Microsoft Azure,INF-002,1. 第一弾,Item,teams/decode2016spk/Lists/BSInfo
.NET Core / ASP.NET Core が実現するクロスプラットフォーム .NET の今と未来,新しく登場した .NET Core 1.0 と ASP.NET Core 1.0 は、Windows 環境に加えて Linux や Mac OS X にも対応する、新しい .NET ランタイムとフレームワークです。サーバーサイドのクロスプラットフォームに対応するフットプリントの軽いこれらのランタイムとフレームワークの登場は、本格化するクラウド環境へ柔軟に適応できるスケーラブルなアプリケーション構築において重要な役割を果たします。本セッションでは、.NET Core と ASP.NET Core の登場の背景やそれらが目指す将来像もふまえつつ、その仕組みや使用方法などを解説します。,1.Development,300,開発者;#アーキテクト,井上 章,akirain,イノウエ アキラ,日本マイクロソフト株式会社,デベロッパー エバンジェリズム統括本部,テクニカル エバンジェリスト,日本語,,Internal Only,.NET や クラウド アプリケーション開発に携わる開発者の皆様。新しい .NET Core の動向にご興味をお持ちの方はぜひご参加ください！,.NET Core Home on GitHub,https://github.com/dotnet/core,ASP.NET Core Home on GitHub,https://github.com/aspnet/Home,VS 魂,http://aka.ms/vs-soul,Web開発;#クラウド開発;#OSS;#開発言語;#クロスプラットフォーム;#Windows;#Microsoft Azure;#Windows Server;#Visual Stuido;#.NET;#クラウド,DEV-002,1. 第一弾,Item,teams/decode2016spk/Lists/BSInfo
クラウド ネイティブERP - Dynamics AX のアーキテクチャ・環境構築から開発・運用まで,クラウドネイティブERPであるDynamics AXはMicrosoft Azureを含む様々なMicrosoftのテクノロジースタックの上に実現しています。当セッションでは、SaaS型ERPが構築・開発・運用の中でどのようなメリットがあるかをお伝えしていきます。,5.Productivity,200,ITプロ;#アーキテクト,鈴井 洋介,yosukes,スズイ ヨウスケ,日本マイクロソフト株式会社,Dynamics ビジネス統括本部,プリンシパル テクノロジー スペシャリスト,日本語,,Internal Only,ホスティングでは無いSaaS型のビジネスアプリケーションの運用や構築に興味のある方。AXの技術者だけでなく、他ERP をの運用や開発にかかわっている方にもお勧めセッションです。,Microsoft ERPソリューション Dynamics AX,https://www.microsoft.com/ja-jp/dynamics/erp-ax-overview.aspx,Dynamicsのライフサイクル管理ツール Lifecycle Services,https://www.microsoft.com/ja-jp/dynamics/lcs.aspx,,,クラウド開発;#事業継続;#DevOps(チーム開発);#Microsoft Azure;#Dynamics;#クラウド;#ビッグデータ;#IoT & デバイス;#運用,PRD-008,2. 第二弾,Item,teams/decode2016spk/Lists/BSInfo
クラウドの ERP による業務システム開発 - OData エンドポイントから Power BI 連携,【日本語セッション】新 Dynamics AX は、最新技術で外部連携を含めた業務アプリケーションをより迅速に開発できるようになりました。OData 準拠のエンドポイントを利用して、C# プログラムから AX のデータを操作する作法を紹介します。AX に標準装備されている Power BI を使ったシステム連携も見どころです。マイクロソフトの製品開発者が紹介するコーディングのテクニックもお見逃しなく。,5.Productivity,400,開発者;#アーキテクト,Leo Guo,leguo,レオ グオ,マイクロソフト コーポレーション,"AX Localization APAC, Global Financial Management, Business Applications, Platform and Intelligence",Senior Program Manager,日本語,Jessie Yao,Internal Only,C#、Visual Studioを使う、全ての業務アプリケーション開発者にお届けするセッションです。この最新版 Dynamics AXでは、固有の技術が必要と思われがちなERPの開発が、その多くが標準的な開発技術で可能になりました。このセッションで、開発技術のスキルアップしてください。,マイクロソフトのERPソリューション Microsoft Dynamics AX,https://www.microsoft.com/ja-jp/dynamics/erp-ax-overview.aspx,Dynamics AXの技術情報,https://ax.help.dynamics.com/,,,クラウド開発;#開発言語;#エンタープライズモビリティ;#クロスプラットフォーム;#Microsoft Azure;#Visual Stuido;#.NET;#Dynamics;#ビッグデータ;#IoT & デバイス,PRD-009,2. 第二弾,Item,teams/decode2016spk/Lists/BSInfo
機械学習の実践ノウハウ提供します！～AIで広がる夢を現実にする方法～,"AI/Deep Learningというキーワードで夢は広がり「AIを取り入れた製品を開発しよう！」と事業部門から依頼されたけれど、「具体的にはどうやって実装するんだろうか？」と悩んでいる開発者のみなさん、その悩みde:codeで解決しましょう！
本セッションでは、実案件の中でのAI的機能実装方法/アーキテクチャ/メタデータを紹介します。主に人を識別するCognitive Servicesの活用ノウハウ、顧客分析のためのApache Sparkでの数値解析方法、Deep Learningを実現するライブラリCNTKの使用方法を一般的画像解析を例に解説します。",2.Data Platform,300,開発者;#アーキテクト,大田 昌幸,masota,オオタ マサユキ,日本マイクロソフト株式会社,デベロッパー エバンジェリズム統括本部,テクニカル エバンジェリスト,日本語,"來田 泰樹
株式会社アロバ
取締役 CTO

今西杉広
株式会社ディビイ
取締役 CTO

町 裕太
株式会社ウサギィ
代表取締役 CEO",External,実案件の中でのAI的機能実装方法やノウハウに興味がある開発者/アルゴリズムを理解しているわけではないが、ソリューションにはAI的機能を組み込みたいと思っている開発者/AIという言葉に疲れた開発者は是非ご参加ください。,Microsoft Cognitive Services,https://www.microsoft.com/cognitive-services/,Apache Spark,https://spark.apache.org/,CNTK(Computational Network Toolkit),http://www.cntk.ai/,クラウド開発;#Microsoft Azure;#クラウド;#ビッグデータ,DBP-014,1. 第一弾,Item,teams/decode2016spk/Lists/BSInfo
Cortana Intelligenceに切り込む！～未来予測の仕組みと実装～,故障検知や顧客分析など「状態が時間で変わる対象の解析」に役立つ時系列解析の仕組みと実現方法を紹介します。具体的にはBig Data解析基盤Cortana Intelligence(CI)を用い、メンテナンス予測シナリオを通して理解します。CIには様々な機能が含まれており、数百万イベント/秒を受信できるEvent Hubsでデータを取り込み、リアルタイム処理基盤Stream Analyticsや大量ログのバッチ処理が得意なHiveで加工し、Azure Machine Learningで予想する一連の処理をStep by Stepで解説します。,2.Data Platform,300,開発者;#ITプロ;#アーキテクト,大田 昌幸,masota,オオタ マサユキ,日本マイクロソフト株式会社,デベロッパー エバンジェリズム統括本部,テクニカル エバンジェリスト,日本語,"佐藤 直生
nasat
サトウ ナオキ
日本マイクロソフト株式会社
デベロッパー エバンジェリズム統括本部
エバンジェリスト",Internal Only,時系列を使った解析に興味がある方/Azureデータプラットフォームの全体像と詳細に興味がある方/蓄積から活用までのデータの一連の変化に興味がある方,Cortana Intelligence Suite,https://www.microsoft.com/en/server-cloud/cortana-intelligence-suite/overview.aspx,,,,,クラウド開発;#Microsoft Azure;#クラウド;#ビッグデータ;#IoT & デバイス,DBP-013,1. 第一弾,Item,teams/decode2016spk/Lists/BSInfo
サーバー1台、1ファイルからはじめる、Azureを活用したバックアップ・DR　～高コストDR環境の乗り換えにもどうぞ～,インターネットさえつながれば、どこからでも、誰でも、クラウドへのバックアップ、DRが可能な時代となりました。サーバー1台、1ファイルから今すぐ開始できます。インフラとしては物理サーバー、VMwareを含む仮想ホスト、OSとしてはRedHatを含むLinux、Windowsなどヘテロな環境に対応しています。本セッションでは、Azureを活用したバックアップ・DRについて、実際のDR対象システム要件を複数例示しながら徹底解説致します。高コストなDR環境に課題をお持ちの方も必見です。,3.Infrastructure,300,ITプロ;#アーキテクト,公森　義貴,yokomori,コウモリ ヨシキ,日本マイクロソフト株式会社,クラウドプラットフォーム技術部,テクノロジーソリューションズプロフェッショナル,日本語,,Internal Only,,,,,,,,事業継続;#OSS;#Windows;#Microsoft Azure;#Windows Server;#System Center;#SQL Server;#クラウド;#運用,INF-006,1. 第一弾,Item,teams/decode2016spk/Lists/BSInfo
プログラミング言語は何処へ向かうのか,汎用のプログラミング言語 (GPL) は、ますます関数型言語の要素を包含するようになってきました。その一方で、関数型言語は盛り上がりを見せながら、広くメジャーになりきれていません。この理由は、何なのでしょうか ？ 深層学習がクラウド サービスによって身近になりましたが、人口知能 (AI) の実装には論理型言語が古くから使われてきました。その理由は、何なのでしょうか ? この Charlk Talk では、プログラミング パラダイムを参照しながら、参加者の知見を集約して、プログラミング言語が何処へ向かおうとしているのかを議論します。,9.Chalk Talk,400,開発者;#アーキテクト,荒井　省三,shozoa,アライ　ショウゾウ,日本マイクロソフト株式会社,デベロッパー エバンジェリズム統括本部,エバンジェリスト,日本語,,Internal Only,宣言型パラダイムや関数型プログラミング言語を知っており、参照透過性や副作用 (Side Effect) 、カリー化などの基礎知識を持っている方を前提とします。,,,,,,,Web開発;#UWP開発;#クラウド開発;#OSS;#開発言語;#クロスプラットフォーム;#.NET,CHK-004,1. 第一弾,Item,teams/decode2016spk/Lists/BSInfo
止まらないサービスを! ～マイクロサービス プラットフォーム「Azure Service Fabric」～,Azure Service Fabric は、Cortana や Azure 自体の内部で使われているマイクロサービスのためのアプリケーション プラットフォームです。Azure Service Fabric は、Azure、Azure Stack など幅広い環境で実行でき、当初は Windows Server ベースで .NET SDK のみを提供していましたが、Build 2016 では Linux や Java SDK のサポートも追加されるなど、機能拡張を続けています。本セッションでは、Azure Service Fabric の最新の全体像、サービスの開発モデル、開発から運用にいたる DevOps のための機能などをご紹介します。そして、日本ビジネスシステムズ株式会社様での実装例をご紹介します。,1.Development,300,開発者;#ITプロ;#アーキテクト,佐藤 直生,nasat,サトウ ナオキ,日本マイクロソフト株式会社,デベロッパー エバンジェリズム統括本部,エバンジェリスト,日本語,"Eduardo Gonzalez
ゴンザレズ エドワルド
日本ビジネスシステムズ株式会社
社会システムデザインセンタープロト開発部
テクニカルマネージャー
",External,マイクロサービスの開発、運用、アーキテクチャ設計に興味のあるアーキテクト、開発者、IT プロの皆様は、ぜひご参加ください。,Azure Service Fabric,https://azure.microsoft.com/ja-jp/services/service-fabric/,,,,,クラウド開発;#DevOps(チーム開発);#OSS;#開発言語;#Microsoft Azure;#Windows Server;#Visual Stuido;#.NET;#クラウド;#運用,DEV-016,1. 第一弾,Item,teams/decode2016spk/Lists/BSInfo
オープンソースエディタ Visual Studio Code の極意,今年4月に正式リリースしたばかりの「Visual Studio Code」。Web 開発からさまざまな使いこなしもできるマイクロソフトの多機能で軽量なコードエディターです。主要 OS (Windows/Mac OS/Linux) に対応し、オープンソースとしてGitHub上に公開され、今、開発者が「使ってみたい」と話題のソフトウェアです。本セッションでは、実際の製品デモを交えながら OS 環境や言語にとらわれない開発手法からVisual Studio Codeのオープンな世界を一挙にご紹介します。,1.Development,300,開発者;#ITプロ,戸倉 彩,ayayu,トクラ アヤ,日本マイクロソフト株式会社,デベロッパー エバンジェリズム統括本部,テクニカル エバンジェリスト,日本語,"GitHub, Inc
Solutions Engineer
池田 尚史",Internal Only,Mac Book で Sublime Text や Vim を使って Web / スマホアプリ開発をされている方はぜひご参加ください。,,,,,,,Web開発;#OSS;#Visual Stuido,DEV-001,1. 第一弾,Item,teams/decode2016spk/Lists/BSInfo
メーカーがおしえてくれない正しいクラウドについて,VMware 社とマイクロソフトの両方の技術に精通している、vExpert 達でお送りするパネルディスカッション。このセッションでは、仮想化からクラウドへの変遷にまつわる話や、これからのクラウドについてのお話しをわかりやすいトーンでお送りいたします。,3.Infrastructure,200,ITプロ,山本美穂,miyamam,ヤマモトミホ,日本マイクロソフト株式会社,デベロッパー エバンジェリズム統括本部,テクニカルエバンジェリスト,日本語,"日本ヒューレット・パッカード株式会社　プリセールス統括本部　サーバー技術本部　テクノロジーエバンジェリスト　小川大地
ユニアデックス株式会社　戦略マーケティング部　エバンジェリスト　高橋優亮
株式会社　ネットワールド　SI技術本部 システムアーキテクトグループ　工藤真臣",External,仮想化とクラウドの違いってなに？VMware の技術に詳しい人達にはこれからのクラウドがどんなふうに見えているのかご興味がある方はぜひご参加ください。,,,,,,,スペシャルセッション;#Microsoft Azure;#Windows Server;#System Center;#クラウド;#運用,INF-020,1. 第一弾,Item,teams/decode2016spk/Lists/BSInfo
"Azure Pack, Azure Stack で作る ハイパフォーマンス DB as a Service",プライベートクラウドの有力な選択肢となった Windows Azure Pack ですが、実は DB as a Service 機能の利用率がとても高いのをご存知ですか？本セッションではプライベートクラウドで DBaaS を提供するメリットと高速なハードウェアと組み合わせたハイパフォーマンス DBaaS の魅力をご紹介します。さらに、現在開発中の Azure Stack の DBaaS についてもご紹介します。,3.Infrastructure,300,ITプロ,小塚 大介,v-dkozu,コヅカ ダイスケ,日本マイクロソフト株式会社,デベロッパー エバンジェリズム統括本部,オーディエンスエバンジェリズムマネージャー,日本語,,Internal Only,プライベートクラウドに興味のある皆様、インフラエンジニアの皆様はぜひご参加ください。,Windows Azure Pack,https://www.microsoft.com/ja-jp/server-cloud/products-Windows-Azure-Pack.aspx,Microsoft Azure Stack,https://azure.microsoft.com/ja-jp/overview/azure-stack/,,,Windows Server;#SQL Server;#クラウド,INF-014,1. 第一弾,Item,teams/decode2016spk/Lists/BSInfo
Azure Active Directory 最新動向 ～今後の Active Directory はどうあるべきか～,"継続的に機能拡張が進められている Azure Active Directory、提供開始から 3 年が経過した現在では、オンプレの Active Directory とあわせ、今後の認証基盤を検討する上で欠かせないものになりつつあります。
本セッションでは、Azure Active Directory の機能拡張、その用途に応じた B2E/B2B/B2C などの提供形態のご紹介も含め、今後の Active Directory がどうあるべきかを解説します。",3.Infrastructure,300,ITプロ,須澤 英彰,hsuzawa,スザワ ヒデアキ,日本マイクロソフト株式会社,クラウド＆ソリューションビジネス統括本部,テクノロジーソリューションズプロフェッショナル,日本語,,Internal Only,,,,,,,,,INF-008,1. 第一弾,Item,teams/decode2016spk/Lists/BSInfo
Windows Server 2016 のSoftware Defined Storage のしくみと活用,Software Defined な技術はもうすでにコモディティー化しているといっても過言ではありません。ストレージの世界も同様で、Hyper Converged をはじめとした Software Defined Storage はプライベート・ハイブリッドクラウドを支える基本のコア技術である Windows Server においても様々な機能を提供しています。このセッションでは、次期 Windows Server で実装される Storage Spaces Direct や Storage Replica といった 新機能を中心にマイクロソフトの Software Defined Storage への取り組みを解説いたします。,3.Infrastructure,300,ITプロ;#アーキテクト,山本　美穂,miyamam,ヤマモトミホ,日本マイクロソフト株式会社,デベロッパー エバンジェリズム統括本部,テクニカルエバンジェリスト,日本語,,Internal Only,サーバー管理者、ストレージ管理者、物理インフラの導入に携わる方,,,,,,,Windows Server;#運用,INF-017,1. 第一弾,Item,teams/decode2016spk/Lists/BSInfo
本音で語る、MicrosoftのOSSはどうなのよ?,"Microsoft Loves Linuxの衝撃以来、矢継ぎ早にMicrosoftがOpen Source Communityと一緒に動いて、Windows以外への製品の提供も始めています。全てがすぐに実用で使えるわけではないでしょうが、実サービスで利用されているケースも多々あります。
こちらでは、今、どうなの?今後どうなの?というところを中心にディスカッションを行います。",9.Chalk Talk,300,開発者;#ITプロ;#アーキテクト,新井　真一郎,shiarai,アライ　シンイチロウ,日本マイクロソフト株式会社,クラウド&エンタープライズビジネス本部,シニアプロダクトマーケティングマネージャー,日本語,日本マイクロソフト　増渕大輔,Internal Only,実サービスでOSS開発・運用に携わる全ての皆さまはご参加ください,,,,,,,Web開発;#クラウド開発;#OSS;#クロスプラットフォーム;#Microsoft Azure,CHK-006,1. 第一弾,Item,teams/decode2016spk/Lists/BSInfo
Developing on the Edge. ～ Web プラットフォームと Cordova ～,HTML5 はその機能性、相互運用性の高さから Web ブラウザーの枠を飛び出し、プラットフォームの垣根を越える開発フレームワークとして利用されています。このセッションでは EdgeHTML を利用するユニバーサル Windows アプリの開発と Cordova を使用したハイブリットアプリの開発について紹介します。,1.Development,300,開発者,物江 修,osamum,モノエ オサム,日本マイクロソフト株式会社,デベロッパー エバンジェリズム統括本部,エバンジェリスト,日本語,,Internal Only,ハイブリッドアプリ、Web フロントエンドにかかわる方はぜひお越しください,,,,,,,Web開発;#UWP開発;#OSS;#クロスプラットフォーム,DEV-008,1. 第一弾,Item,teams/decode2016spk/Lists/BSInfo
マイクロソフト最新テクノロジーと魅力あふれる未来像,続々とリリースされる新しいデバイスやソリューションは、今までになかった使い方を通して私たちの未来を見せてくれます。ここ数年の、そしてこらからのモバイルとクラウドの進化がもたらす未来とはどんなものでしょう？本セッションでは、現在入手可能な最新のデバイスとこれから市場に出回るデバイスを実際にお見せしながら、マイクロソフトテクノロジーがもたらす未来をお見せします。,8.Special,200,開発者;#ITプロ;#アーキテクト,西脇 資哲,monishiw,にしわき もとあき,日本マイクロソフト株式会社,コーポレート戦略統括本部,業務執行役員、エバンジェリスト,日本語,,Internal Only,すべてのエンジニア,,,,,,,スペシャルセッション;#Windows,SPL-001,1. 第一弾,Item,teams/decode2016spk/Lists/BSInfo
Big Data / 機械学習がソフトウェア開発手法を変える! ～静的アルゴリズムから動的アルゴリズム生成への道～,クラウドが一番活用されるシナリオとしてBig Dataがあります。その恩恵を一番受けるのが機械学習というアプローチです。このセッションでは、機械学習がソフトウェア開発にどういうインパクトを与えるのかを考察します。幾つか出始めた実事例に基づいた実践的な内容をご紹介します。このセッションではAzure Machine Learningの説明はしません!,6.Architecture,400,開発者;#アーキテクト,田丸　健三郎,kenzat,タマル　ケンザブロウ,日本マイクロソフト株式会社,技術統括室,ナショナルテクノロジーオフィサー,日本語,,Internal Only,,,,,,,,開発言語;#Microsoft Azure;#クラウド;#ビッグデータ,ARC-004,1. 第一弾,Item,teams/decode2016spk/Lists/BSInfo
クラウド心配性な上司を説得するコツを伝授します～ 本当に信頼できるクラウドの構築/運用とは? マイクロソフト クラウド成,"「クラウド使いたいけど、セキュリティについて経営陣からつっこまれたら、なんて答えればいいんだろう・・・」こんな悩みをお持ちの方に、このセッションをお届けします。
本セッションでは、「心配性な上司を説得するために必要な理論武装」を念頭に置きつつ、AzureやOffice365、Dynamics CRM Online などのパブリッククラウドサービスがいかに堅牢なデータセンターで稼働しているかを、構築コンセプトや実装方式を交えながらお伝えします。
このセッションを聴いた貴方は、部屋を出た瞬間から「マイクロソフトクラウド・エバンジェリスト」です！",8.Special,200,開発者;#ITプロ;#アーキテクト,澤 円,msawa,さわまどか,日本マイクロソフト株式会社,クラウド＆ソリューションビジネス統括本部,"マイクロソフトテクノロジーセンター　センター長, サイバークライムセンター　日本サテライト ",日本語,,Internal Only,すべてのエンジニア,,,,,,,情報セキュリティ;#スペシャルセッション;#クラウド,SPL-002,1. 第一弾,Item,teams/decode2016spk/Lists/BSInfo
All about 機械学習! ～ 機械学習は魔法の杖か、単なるBig Dataのはけ口か～,機械学習の民主化といっても、ツールで全て解決するわけではありません。ただ、自動車産業やIndustry 4.0など、新しいビジネスとしての成功例が出始めているのも事実です。このChalk Talkでは、皆さんが普段機械学習についてお持ちの疑問を、理論と実装の両面からぶつける場です。Azure MLで出来ること、Deep Learningとは何なのか、AIはどこまで現実的なのかなど、皆さんとディスカッションできればと思っています。,9.Chalk Talk,300,開発者;#アーキテクト,田丸　健三郎,kenzat,タマル　ケンザブロウ,日本マイクロソフト株式会社,技術統括室,ナショナルテクノロジーオフィサー,日本語,日本マイクロソフト　増渕大輔,External,機械学習に関心がある全ての皆さま,,,,,,,開発言語;#Microsoft Azure;#クラウド;#ビッグデータ,CHK-005,1. 第一弾,Item,teams/decode2016spk/Lists/BSInfo
黒船襲来！世界DevOps トップ企業 x マイクロソフトによるトークバトル セッション,"（同時通訳英語セッション） DevOps の世界のトップ企業 Mesosphere, Chef, HashiCorp そしてMicrosoftの第一人者 が一同に集結して、ディスカッションし、先端技術のデモを繰り広げる西海岸でも見られない夢のトークセッションが実現しました。DevOps x OSS パートナー、クリエーションライン様の協力を得て実現したこの企画、米国の「DevOps そしてマイクロサービスの現在」を日本に居ながらにしてリアルタイムに体験することができます。このまたとない機会をお見逃しなく！",8.Special,300,開発者;#ITプロ;#アーキテクト,牛尾 剛,tsushi,うしおつよし,Microsoft Corporation,ITPro - Japan,Senior Technical Evangelist,英語,"Microsoft Corporation
Partner PM Manager
Sam Guckenheimer 　

Chef
VP of Partner Engineering
James Casey 氏

Mesosphere, Inc.
Head of Developer Advocacy
Aaron Williams　氏

Hashicorp
Creator of Vagrant, Packer, Consul. CEO of Hashicorp 
Mitchell Hashimoto 氏

クリエーションライン株式会社 執行役員
鈴木逸平（すずき いっぺい）氏",External,DevOps に興味のあるエンジニア,,,,,,,DevOps(チーム開発);#OSS,SPL-003,1. 第一弾,Item,teams/decode2016spk/Lists/BSInfo
Windows 10 開発の舞台裏から学ぶエンジニアの未来,"マイクロソフトデベロップメント株式会社（MSD）をご存知でしょうか？一言でいえばマイクロソフト製品の開発チームです。彼らがいかにして Windows 10 を開発しリリースにこぎつけたのか？そこにはどのような秘密があり、どのような改革がなされたのか？そして、MSDは開発者にとっての楽園なのか否か？など、これまで語られなかったマイクロソフト製品開発の舞台裏を、Windows 10 の開発をベースにお話しします。そこにはエンジニアの未来があるはずです。
※内容は予告なく変更されることがあります",8.Special,200,開発者;#ITプロ;#アーキテクト,安達 理,osamua,あだちおさむ,マイクロソフトデベロップメント株式会社,,代表取締役 社長,日本語,,Internal Only,,,,,,,,DevOps(チーム開発);#スペシャルセッション;#Windows,SPL-004,1. 第一弾,Item,teams/decode2016spk/Lists/BSInfo
裏 Inside Azure ~OSS視点で理解する、Azureのテクノロジー&アーキテクチャー～,Azure における OSS 活用やコミュニティへの貢献が話題です。このセッションでは、OSS がどのように Azure を支えているか、また、クラウド OSS の代表格である OpenStack、Cloud Foundry との比較という切り口で、Azureのテクノロジーとアーキテクチャーを解説します。Azure の内部や技術動向を意識して設計したいアーキテクト必見のセッションです。,7.DevOps & OSS,300,開発者;#ITプロ;#アーキテクト,真壁 徹,tomakabe, まかべ　とおる,日本マイクロソフト株式会社, EPG / クラウド＆ソリューションビジネス統括本部 / データセンター＆Azure営業本部 / 第一Azure技術部,クラウドソリューションアーキテクト,日本語,,Internal Only,,,,,,,,クラウド開発;#OSS;#Microsoft Azure;#クラウド,DOO-005,1. 第一弾,Item,teams/decode2016spk/Lists/BSInfo
NoSQL in Azure ～ドキュメント指向データベース Azure DocumentDB 徹底解説～,RDBMSに代わるデータベースの選択肢として、各種の NoSQL データベースが登場しています。本セッションでは、Azureにおけるさまざまな NoSQL の選択肢を概説します。そして、JSON データを格納できるドキュメント指向データベース サービス「Azure DocumentDB」について、データ モデル、クエリやAPIをはじめとして、Azure DocumentDBを使う開発者に必要な情報をお伝えします。,2.Data Platform,300,開発者;#アーキテクト,佐藤直生,nasat,サトウナオキ,日本マイクロソフト株式会社,デベロッパー エバンジェリズム統括本部,エバンジェリスト,日本語,,Internal Only,AzureでのNoSQL、ドキュメント指向データベースの活用に興味のある開発者、アーキテクトの皆様、ぜひご参加ください。,Azure DocumentDB,https://azure.microsoft.com/ja-jp/services/documentdb/,,,,,Web開発;#クラウド開発;#Microsoft Azure;#.NET;#クラウド;#ビッグデータ,DBP-016,1. 第一弾,Item,teams/decode2016spk/Lists/BSInfo
Mobile DevOps -?モダンなモバイルアプリ開発から障害対応まで,本セッションでは、DevOps誕生の経緯、コンセプト、導入メリットなどを紹介し、モバイルアプリ開発にフォーカスした DevOps?の実践方法を紹介します。モバイルアプリの開発において迅速なサービスの開発・展開はとても重要で、これを実現するための各種プロセスの自動化も重要です。iOSやXamarin のアプリ開発からデバッグ、継続的インテグレーション、デリバリー、デプロイ、運用の自動化や障害解析にも強い環境を、Visual Studio Team Services や Hockey App などのツールを使いながら、デモを中心にご紹介していきます。,7.DevOps & OSS,300,開発者;#ITプロ,鈴木 章太郎,shosuz,スズキ　ショウタロウ,日本マイクロソフト株式会社,デベロッパー エバンジェリズム統括本部,テクニカルエバンジェリスト,日本語,,Internal Only,"Xamarin, iOS, Android などモバイル・アプリケーション開発に携わるすべての皆様、モバイルアプリの開発・運用プロセスを改善し利用状況や障害対応を容易にしたいと考える方はぜひご参加ください",,,,,,,DevOps(チーム開発);#OSS;#開発言語;#エンタープライズモビリティ;#クロスプラットフォーム,DOO-006,1. 第一弾,Item,teams/decode2016spk/Lists/BSInfo
ハイブリッドクラウド環境でのネットワークとセキュリティ ～ Azure とのプライベート接続 ～,本セッションではすでに本格化しつつあるハイブリッドクラウド環境を実現するためのネットワークやセキュリティの手法をご紹介します。オンプレミス環境のインフラストラクチャと Azure とのプライベート接続である ExpressRoute を中心として、実際に利用する上での考慮点からデモやユーザ事例を交えた最新情報までご説明いたします。,3.Infrastructure,300,ITプロ;#アーキテクト,水谷 広巳,himizuta,ミズタニ ヒロミ,日本マイクロソフト株式会社,クラウド&ソリューションビジネス統括本部　Azure 技術部,クラウドソリューションアーキテクト,日本語,,Internal Only,,,,,,,,Microsoft Azure;#クラウド,INF-005,2. 第二弾,Item,teams/decode2016spk/Lists/BSInfo
そこのコンテナ、うまく積めてるね！ ～Windows アプリケーション コンテナの展開と運用～,サーバーアプリケーションの構築、展開に関する諸問題を解決するのに力を発揮するということで、近年注目を浴びているコンテナ技術。これまで LAMP などでしか使えなかったコンテナも Windows Server Container の登場により活躍の場を広げつつあります。本セッションは、Windows Server のコンテナとはどのようなものか、インフラとしてどう取り扱っていくべきかを見ていきます。,3.Infrastructure,300,ITプロ,白山 貴之,tashiroy,シロヤマタカユキ,日本マイクロソフト株式会社,クラウドプラットフォーム技術部,テクノロジーソリューションズプロフェッショナル,日本語,,Internal Only,,,,,,,,Windows Server;#運用,INF-015,2. 第二弾,Item,teams/decode2016spk/Lists/BSInfo
デスクトップ仮想化の実践 - powered by Windows Server 2016 & Azure -,"デスクトップ環境もクラウドへ。マイクロソフトでは、""eference architecture"" (http://aka.ms/RDSonAzure) として、 Windows Server 2012 R2 ベースの RDS on Azure 設計ガイドを公開しています。本セッションでは、Windows Server 2016 の RDS/VDI 新機能や Azure の最新機能を組み合わせることによって、最適なシステム構成がどのように進化するのかを解説します。
また、Windows 10 on Azure などのロードマップもお伝えする予定です。。への取り組みを解説いたします。。します。そして、",3.Infrastructure,300,ITプロ,前島 鷹賢,tamaejim,マエジマ　タカマサ,日本マイクロソフト株式会社,クラウド＆ソリューションビジネス統括本部,テクノロジーソリューションズプロフェッショナル,日本語,"戸嶋 一葉 katoshim
クラウド＆ソリューションビジネス統括本部
テクノロジーソリューションズプロフェッショナル",Internal Only,"デスクトップ仮想化（RDS, VDI など）の設計・実装に携わる方はぜひご参加ください",Azure desktop hosting - Reference architecture and deployment guides,http://aka.ms/RDSonAzure,[FEST 2015] フレキシブル ワーク スタイルを支えるマイクロソフトのデスクトップ仮想化,https://channel9.msdn.com/events/FEST/2015/CLD-332,,,Microsoft Azure;#Windows Server;#クラウド,INF-012,2. 第二弾,Item,teams/decode2016spk/Lists/BSInfo
"あなたもハマるかもしれない ""アーキテクトがクラウド導入の現場で見た課題の傾向と対策～～ment guidess",エンタープライズ企業のクラウド導入が加速する中で、マイクロソフトでは CSA (Cloud Solution Architect) と呼ばれるアーキテクトが Microsoft Azure を導入するお客様の技術支援を行っています。お客様が Azure を活用しようと考えたとき、様々な課題に直面します。「IaaS と PaaS をどう使い分ければ良いのか？」、「権限はどのように管理するのか？」など、どのお客様でも直面する “Azure あるある” について、CSAの観点から傾向と対策を解説します。,6.Architecture,300,開発者;#ITプロ;#アーキテクト,吉松 龍輝,ryukiy,よしまつ りゅうき,日本マイクロソフト株式会社,クラウド & ソリューション ビジネス統括本部 第二 Azure 技術部,クラウド ソリューション アーキテクト,日本語,,Internal Only,,,,,,,,クラウド開発;#Microsoft Azure;#クラウド;#運用,ARC-005,1. 第一弾,Item,teams/decode2016spk/Lists/BSInfo
Microsoft Loves Red Hat ～Azure と OpenShift が生み出すフルオープンなPaaS～,"ハイブリッドなクラウド環境の利活用の課題を解決するために、マイクロソフトとレッドハットは戦略的なパートナーシップを締結しました。本セッションでは、2 社の提携により実現したテクノロジーについて、その最新動向を解説します。
Microsoft Azure とレッドハットの PaaS 基盤である OpenShift を連携させることで、ハイブリッドなクラウド環境を活かしたアプリケーションのデプロイが可能となりました。それぞれのメリットを活用できるようになりました。OpenShift の具体的な利活用例や、開発者、運用者にとっての活用ポイントを、デモンストレーションを交えてご紹介します。",7.DevOps & OSS,300,,新井 真一郎,shiarai,アライ シンイチロウ,日本マイクロソフト株式会社,マーケティング＆オペレーションズ　クラウド＆エンタープライズビジネス本部　OSS戦略担当,OSSエバンジェリスト,日本語,"レッドハット株式会社
サービス事業統括本部 ソリューション・アーキテクト部 OpenShiftソリューションアーキテクト
大溝 桂",External,,,,,,,,クラウド開発;#OSS;#クラウド;#運用,DOO-010,1. 第一弾,Item,teams/decode2016spk/Lists/BSInfo
Dynamics CRM Online 2016 新Web APIで開発するモバイルアプリ,Dynamics CRM 2016からOData v4 RESTベースの新しいWeb APIが追加されました。これにより、これまでERPやCRMを使ったことないモバイルアプリ開発者も、Dynamics CRM のアプリ開発が容易になりました。また認証には、Azure サービスや Office 365 と共通の認証基盤である  Azure Active Directoryを使えます。そのため、iOS/Android、Xamarin、Windows 10などのモバイルアプリから、Azure Storage、SQL Azure Database、Office 365等と同様のバックエンドとしてDynamics CRMを自由に利用できます。このセッションでは、Mobile Engagementなど様々なテクノロジーと連携しつつ、具体的なシナリオに基づいたアプリをご紹介し、その開発に必要な情報をご提供していきます。,5.Productivity,300,開発者,中村 憲一郎,kenakamu,ナカムラ ケンイチロウ,日本マイクロソフト株式会社,カスタマー サービス＆サポート,PMC Delivery,日本語,"鈴木 章太郎
日本マイクロソフト株式会社　デベロッパーエバンジェリズム統括本部
テクニカルエバンジェリスト
",Internal Only,,Microsoft Dynamics CRM 製品情報,https://www.microsoft.com/ja-jp/dynamics/crm.aspx,Dynamics CRM 製品、技術情報ブログ,https://blogs.msdn.microsoft.com/crmjapan/,,,UWP開発;#クラウド開発;#開発言語;#Visual Stuido;#.NET;#Dynamics;#Windows Phone;#クラウド,PRD-007,1. 第一弾,Item,teams/decode2016spk/Lists/BSInfo
機械学習で顧客対応はこう変わる！Azure MLとDynamicsで造る次世代CRM,データセットからモデルを作成し、コンピューターが不特定のデータに対する意思決定を行う機械学習。機械学習を用いることによって、業務の効率や精度が向上するでしょう。本セッションでは、Azure ML と Dynamics CRM の連携手法およびシナリオをデモを交えてお届けします。,5.Productivity,300,開発者;#ITプロ;#アーキテクト,河野 高也,takawano,カワノ　タカヤ,日本マイクロソフト株式会社,カスタマー サービス＆サポート,Dynamics Global Domain　プレミアフィールドエンジニアリング,日本語,"西澤 貴志
日本マイクロソフト株式会社
Dynamics ビジネス統括本部
プリンシパル テクノロジー スペシャリスト ",Internal Only,,Microsoft Dynamics CRM 製品情報,https://www.microsoft.com/ja-jp/dynamics/crm.aspx,Dynamics CRM 製品、技術情報ブログ,https://blogs.msdn.microsoft.com/crmjapan/,,,クラウド開発;#クロスプラットフォーム;#Windows;#Microsoft Azure;#Windows Server;#Visual Stuido;#.NET;#Dynamics;#クラウド;#ビッグデータ,PRD-006,1. 第一弾,Item,teams/decode2016spk/Lists/BSInfo
そのログ、ただ集めているだけではありませんか？ ～ IT 運用の世界にもビッグデータの活用を！ ～,IT 運用の世界では数多くのシステムから、ログをはじめ様々な情報が出力されます。担当者はこれらの膨大な情報と日々格闘されているのではありませんでしょうか。そして、せっかく集めた情報を有効活用することができず、ただ保存しているだけではありませんでしょうか。このセッションでは、Azure Log Analytics を中心に、IT 運用の世界でも膨大なデータを活用するための仕組みについてわかりやすく解説いたします。,3.Infrastructure,300,ITプロ,佐藤　和,nodokas,サトウ ノドカ,日本マイクロソフト株式会社,クラウドプラットフォーム技術部,シニアテクノロジースペシャリスト,日本語,,Internal Only,このタイトルを見てドキッとされた方、このセッションの中に解決のヒントがあるかもしれません。ビッグデータの活用というと、少し敷居が高いものに感じるかもしれません。しかしながら、このセッションではSaaS型のソリューションを中心に紹介していきますので、すぐに利用することができます。皆様のご参加をお待ちしております。,,,,,,,情報セキュリティ;#OSS;#クロスプラットフォーム;#Microsoft Azure;#Windows Server;#System Center;#クラウド;#ビッグデータ;#運用,INF-010,2. 第二弾,Item,teams/decode2016spk/Lists/BSInfo
クラウド時代のセキュアな企業システム構築 ～ OSS＋Azureで実現する安心な企業システム,"このセッションではクラウド時代に何に考慮すればセキュアな企業システムを構築できるかを考えます。
そして、オープンソースを活用し、Azureのサービスを組み合わせることでどのように実現するかを解説します。
適切なサービス利用により、自由と安全を手に入れましょう！",7.DevOps & OSS,300,開発者;#ITプロ,吉田　雄哉,yuyoshi,,日本マイクロソフト株式会社,クラウド & ソリューション ビジネス統括本部 第二 Azure 技術部,クラウド ソリューション アーキテクト,日本語,,Internal Only,,,,,,,,クラウド開発;#OSS;#開発言語;#Microsoft Azure,DOO-011,1. 第一弾,Item,teams/decode2016spk/Lists/BSInfo
マイクロソフトが実践したScrum導入７年間の旅、そしてDevOpsへの進化,"【英語セッション】
マイクロソフトは急激に変化し、もの凄いスピードでイノベーティブな製品を生み出しています。マイクロソフトの DevOps チームのリーダで世界的に著名な Sam Guckenheimer 氏が来日、失敗を含めた生々しい事例を余すところなく語ります。彼は アジャイルや、DevOps の多くの著作を発表、世界最大のアジャイルカンファレンスのキーノートスピーカでもあります。マイクロソフトの開発力の秘密、DevOps 実践の究極の姿を知りたい人は是非ご参加ください。",7.DevOps & OSS,300,開発者;#ITプロ;#アーキテクト,Sam Guckenheimer ,samgu,サムグッケンハイマー,Microsoft Corporation,,Partner PM Manager,英語,,Internal Only,マイクロソフトが実施した DevOps　の事例について興味のある方 ,,,,,,,Web開発;#クラウド開発;#DevOps(チーム開発);#運用,DOO-008,1. 第一弾,Item,teams/decode2016spk/Lists/BSInfo
App Service を利用したウェブサイト構築における運用管理とセキュリティ対策,"PaaS は管理不要と思っていませんか？IaaS と比較すると管理を低減できますが、ゼロになるわけではありません。このセッションでは、Azureの PaaS である、App Service の仕組みを解説すると共に、ウェブサイト運用時に必要な、ログ取得、バックアップ、死活監視、セキュリティ対策などの方法を解説します。
",3.Infrastructure,300,ITプロ;#アーキテクト,鈴木 祐巳,masamis,スズキ マサミ,日本マイクロソフト株式会社,クラウドプラットフォーム技術部,テクノロジースペシャリスト,日本語,,Internal Only,App Service を安心して導入したい技術者,,,,,,,Web開発;#Microsoft Azure;#クラウド;#運用,INF-004,2. 第二弾,Item,teams/decode2016spk/Lists/BSInfo
詳説 Azure IaaS ～私はインフラが好きだ～,"App ServicesやSQL Database等、マネージドサービスの使いこなしがAzure活用のコツ、とよく言われます。
だが、ちょっと待ってほしい。
私はサーバーを作りたい。ストレージを工夫したいしネットワークにこだわりたい。そしてそれらの「中身」が知りたい。そう、私はインフラが好きだ！
そんなあなたはぜひこのセッションへ。データセンターの物理的配置、仮想マシンの内部構造、ロードバランサーの動作原理…雲の向こうで蠢く秘密を解き明かしましょう。",3.Infrastructure,400,ITプロ;#アーキテクト,佐々木邦暢,ksasaki,ササキ クニノブ,日本マイクロソフト株式会社,パートナーセールス統括本部,パートナーテクノロジーストラテジスト,日本語,,Internal Only,Azureの中身が気になるインフラエンジニアの方はぜひご参加ください,,,,,,,Microsoft Azure;#クラウド,INF-001,2. 第二弾,Item,teams/decode2016spk/Lists/BSInfo
Apache Spark for Azure HDInsight ～新世代のビッグデータ処理基盤～,"当初は“Isotope”というコードネームで呼ばれていたHDInsightも誕生から早5年。
この間にHadoopエコシステムも大きく進化しました。最近の話題はインメモリデータ構造を活用して低遅延の繰り返し処理を得意とする“Apache Spark”の隆盛でしょう。
このセッションでは、HDInsightでのSparkクラスタの様々な活用方法。特に、標準で含まれるAnacondaを利用した機械学習の実践、さらにEvent Hubsからのデータ取り込みやPower BIでの可視化といったAzure上のサービスとの連携について解説します。",2.Data Platform,300,開発者;#ITプロ;#アーキテクト,佐々木邦暢,ksasaki,ササキクニノブ,日本マイクロソフト株式会社,パートナーセールス統括本部,パートナーテクノロジーストラテジスト,日本語,,Internal Only,ビッグデータ分析や機械学習に興味のある方はぜひご参加ください。,,,,,,,クラウド開発;#Microsoft Azure;#クラウド;#ビッグデータ,DBP-011,2. 第二弾,Item,teams/decode2016spk/Lists/BSInfo
Power BI Service のアーキテクチャとエンタープライズ利用におけるデザイン パターン,"従来 BI システムは一般的に導入効果を示しづらいと言われてきましたが、導入・運用コストを大幅に低減できるクラウド BI の登場により導入の敷居が下がってきました。一方でエンタープライズで導入する際には、セキュリティやデータの特性に応じた構成などの考慮が必要となります。
本セッションではマイクロソフトが提供するクラウド BI である Power BI Service の認証やアクセス制御、様々なクラウド サービスやオンプレミスのデータソースとの接続等のアーキテクチャとデザイン パターンについて、デモを交えてご説明します。",2.Data Platform,300,開発者;#ITプロ;#アーキテクト,伊藤 歩,ayumitoh,イトウ アユミ,日本マイクロソフト株式会社,クラウド＆ソリューションビジネス統括本部,テクノロジー ソリューション プロフェッショナル,日本語,,Internal Only,クラウド BI を提案する方、導入を検討される方はぜひご参加ください。,,,,,,,Microsoft Azure;#Office 365;#SQL Server;#クラウド;#ビッグデータ,DBP-017,2. 第二弾,Item,teams/decode2016spk/Lists/BSInfo
SQL Server 2016 Analysis Services のアーキテクチャとその活用方法,"SQL Server Analysis Services は SQL Server の標準機能として搭載されている""能で、バージョンアップと共に機能が拡張されてきました。本セッションでは、分析モードの使い分けの方法をわかりやすくご説明し、活用方法、SQL Server2016からの新機能、Azureを使った構築方法をご紹介いたします。。の認証やアクセス制御、様々なク",2.Data Platform,300,開発者;#ITプロ,高木 充弘,mitakagi,タカギ ミツヒロ,日本マイクロソフト株式会社,クラウド＆ソリューションビジネス統括本部,ソリューションアーキテクト,日本語,,Internal Only,ビジネスインテリジェンスの構築/運用にかかわる開発者、IT Pro の方、是非ご参加ください。,,,,,,,SQL Server;#ビッグデータ,DBP-006,2. 第二弾,Item,teams/decode2016spk/Lists/BSInfo
クラウドで実現するスケーラブルなデータウェアハウス Azure SQL Data Warehouse 解説,多種多様なデバイスの増加に伴い企業や個人が取り扱うデータも爆発的に増加しています。今後もさらにデータの増加が予想される中まもなく正式リリースされる Azure SQL Data Warehouse は、負荷に応じたスケールアウト/スケールインやペタバイト規模のデータ分析を実現する PaaS 型のリレーショナル データウェアハウスです。本セッションでは Azure SQL Data Warehouse のアーキテクチャを中心に、設計・構築に役立つポイントを解説します。,2.Data Platform,300,開発者;#ITプロ;#アーキテクト,高木 英朗,hitakagi,タカギ ヒデオ,日本マイクロソフト株式会社,クラウド＆ソリューションビジネス統括本部,ソリューションアーキテクト,日本語,,Internal Only,データウェアハウスの設計・構築に関わる方はぜひご参加ください。,,,,,,,クラウド開発;#Microsoft Intune;#SQL Server;#クラウド;#ビッグデータ,DBP-009,2. 第二弾,Item,teams/decode2016spk/Lists/BSInfo
OS の中で SDN 抗争勃発!?　～主役を争う VXLAN vs NVGRE～,Azure Stack は VXLAN で動作する? そんな噂が囁かれている中、本セッションでは、マイクロソフト SDN の柱として Azure でも使われている NVGRE と、Windows Server 2016 に新機能として実装予定のVXLAN、NFV や Network Controller など、OS 標準搭載の SDN 最新技術の動向と技術者目線の活用法を徹底解説します。,3.Infrastructure,400,ITプロ;#アーキテクト,高添 修,osamut,タカゾエ　オサム,日本マイクロソフト株式会社,デベロッパー エバンジェリズム統括本部,エバンジェリスト,日本語,"ビットアイル・エクイニクス株式会社
テクノロジー・サービス本部
IT基盤技術部
後藤 諭史様",Internal Only,Azure や Azure Stack のネットワークを詳しく知りたい方。特に、社内がまだ SDN になっておらず、VLAN の定義を頻繁に行わないといけない企業の方は必見です。,,,,,,,Microsoft Azure;#Windows Server;#System Center;#クラウド;#運用,INF-018,2. 第二弾,Item,teams/decode2016spk/Lists/BSInfo
ハイブリッドな Active Directory の設計～Windows Server 2016 版,"Azure Active Directory が着々と進化し続ける中、社内 Active Directory は以前以上に重要な役割が求められています。それは IT ガバナンスの要としての役割です。
オンプレミスには、クラウド化できない多くのリソースが残されています。これを無視して認証基盤の設計は行えません。IT部門はクラウド化の波も意識しつつ、オンプレミスもこれまで通り安全に守り続ける必要があるのです。
そうしたニーズを吸収するには、Azure Active Directory とオンプレミスの Active Directory を1つのアイデンティティプロバイダーとして設計することです。安全に確実なアクセス制御を行うためには、それぞれに適切な役割を持たせコントロールする必要があります。
本セッションでは、Azure Active Directory と最新の Windows Server 2016 Active Directory によるハイブリッドなアイデンティティプロバイダーの設計手法を整理し、詳しく解説します。
なお、難易度は少し高めに設定しています。",3.Infrastructure,300,ITプロ;#アーキテクト,安納 順一,junichia,アンノウ ジュンイチ,日本マイクロソフト株式会社,デベロッパー エバンジェリズム統括本部,プリシンシパル テクニカル エバンジェリスト,日本語,,Internal Only,認証基盤の設計に興味があるエンジニア,,,,,,,情報セキュリティ;#エンタープライズモビリティ;#Microsoft Azure;#Windows Server,INF-007,2. 第二弾,Item,teams/decode2016spk/Lists/BSInfo
セキュリティ マニアックス -サイバー攻撃の手口と防御手法- ～敵を知り、己を知れば百戦危うからず～,近年のサイバー攻撃では、情報漏えいだけでなく、ユーザーIDやパスワードといった資格情報を狙った攻撃も目立ちます。攻撃者は高い権限の資格情報を狙って攻撃を行うことで、より重要度の高いシステムへの侵入を試みます。本セッションでは、攻撃者目線から見た際のインフラへのサイバー攻撃の流れを実際の画面を見ながら理解し、Windows 10 や ATA といったマイクロソフトの製品やテクノロジーを利用した防御方法について解説します。,3.Infrastructure,300,ITプロ;#アーキテクト,蔵本 雄一,yuichik,クラモト ユウイチ,日本マイクロソフト株式会社,マイクロソフト テクノロジーセンター,セキュリティアーキテクト,日本語,,Internal Only,セキュリティに興味のあるすべての皆様。特にサイバーセキュリティの脅威を知りたい方はぜひともご参加ください！,,,,,,,情報セキュリティ,INF-027,2. 第二弾,Item,teams/decode2016spk/Lists/BSInfo
驚愕！Azure リソースマネージャを利用した Infrastructure as Code 実践,"企業戦士諸君、数十ページにわたる環境構築手順書作成や手順通りのインフラ構築作業はしんどいですよね。あげく、正しく設定されている保証は何もないなんて・・・
今回、皆さんにご紹介するのは「Azure リソースマネージャのテンプレート機能」です。そこのあなた！クラウド時代に乗り遅れないためにも Azure での Infrastructure as Code を学び、手順書地獄から抜け出しましょう！",3.Infrastructure,400,開発者;#ITプロ,勇 大地,daisami,イサミ ダイチ,日本マイクロソフト株式会社,クラウド&ソリューションビジネス統括本部　Azure技術部,クラウドソリューションアーキテクト,日本語,,Internal Only,,,,,,,,クラウド開発;#DevOps(チーム開発);#Microsoft Azure;#クラウド;#運用,INF-011,2. 第二弾,Item,teams/decode2016spk/Lists/BSInfo
Windows Insider Meetup in Japan 2 ”de:code 2016特別編”,Windows Insider Program にご参加頂いている 日本のInsider の向けに、日本マイクロソフト株式会社、マイクロソフト ディベロップメント株式会社でWindows 10に関わる社員に直接、フィードバックをする機会をご用意しました。Windowsのことでマイクロソフトの関係者に直接、言いたいことがある、見解を聞きたいことがある、自分の考える理想の Windowsのことを聞いて欲しい、そんな、Insider のみなさまのご参加をお待ちしています。,9.Chalk Talk,200,開発者;#ITプロ,春日井 良隆,yoshika,カスガイ ヨシタカ,日本マイクロソフト株式会社,Windows & デバイス本部,プロダクトマネージャー,日本語,Windowsに関わるエンジニア、プロジェクトマネージャ、エバンジェリスト、マーケティング担当者の同席を予定しています。,External,Windows Insider Program に参加していること,,,,,,,Windows,CHK-008,2. 第二弾,Item,teams/decode2016spk/Lists/BSInfo
PowerShell を 使いこなして、自動化対応 エンジニア になろう！！,"オンプレミス Windows 環境、Microsoft Azure、Microsoft Azure Stack などで使用する PowerShell。
もう既に、PowerShell を使える人と使えない人で、スキル差が発生しております。
クラウド技術の要素に自動化技術がある様に、インフラ側のエンジニアにとっても必須スキルです。
Azure と共に進化して PowerShell が、5.0 にメジャーバージョンアップ しました。このセッションでは、PowerShell 5.0 の紹介、Azure 上のお客様システム(本番/開発環境)を自動運用させる新機能/機能拡張 を紹介致します。",3.Infrastructure,300,ITプロ;#アーキテクト,東屋 善昭,yoshiazu,アズマヤ ヨシアキ,日本マイクロソフト株式会社,エンタープライズパートナー営業統括本部 クラウド＆アーキテクチャ技術本部,クラウドソリューションアーキテクト,日本語,,Internal Only,受講対象：本番環境、開発テスト環境 を構築する際も、操作ミス ゼロで行えますので、インフラ＆開発者の方で、PowerShell 初級中級者の方、Azure で自動運用を行いたい方は、ぜひご参加下さい。,,,,,,,クラウド開発;#Microsoft Azure;#Windows Server;#Software Defined Datacenter;#クラウド;#運用,INF-009,2. 第二弾,Item,teams/decode2016spk/Lists/BSInfo
エンプラ系 業務 Web アプリ開発に効く！ 実践的 SPA 型モダン Web アプリ開発の選択手法,昨今、インターネット界隈では HTML5 技術を駆使した SPA 型モダン Web アプリが増えており、エンタープライズ系の業務システムでも同様の機運が高まってきています。しかし、低水準開発の必要性、高すぎる開発自由度、ライブラリ選択の難しさなどがあり、ハードルの高さを感じている .NET 開発者の方も多いと思います。本セッションでは、業務 Web アプリを SPA 型で開発する際に問題となりやすい、アーキテクチャデザイン上のポイントについて解説します。,1.Development,300,開発者,赤間 信幸,nakama,アカマ ノブユキ,日本マイクロソフト株式会社,エンタープライズサービス統括本部,プリンシパルコンサルタント,日本語,,Internal Only,業務 Web システム開発に SPA 技術を導入し、より洗練された Web アプリを開発したいと考えられている開発者の皆さま。現在 Web フォームで開発しており、モダン Web アプリへの取り組み方に悩まれている方には特にオススメです。,,,,,,,Web開発,DEV-010,2. 第二弾,Item,teams/decode2016spk/Lists/BSInfo
日本でも出来る！MS技術をフル活用したDevOps の具体的実現手法！,"DevとOps が協力しソストウェアのライフサイクルを改善し、1日10回もの本番環境へのデプロイが可能な程のリードタイムを実現する DevOps。
　こんなことが本当に日本でも可能なのでしょうか？
　本セッションでは、事例を元にした具体的な DevOps の導入の仕方から、DevOps のマインドセットと、プラクティス、ツールを具体的なデモと共にお届けします。今年のde:code のゲストに代表される、米の西海岸で起こっているような「ソフトウェア産業の革命」の最新プラクティスがマイクロソフト技術を使ことで、皆さんも簡単に実施出来るようになります。是非お見逃しなく！",7.DevOps & OSS,300,開発者;#ITプロ;#アーキテクト,牛尾　剛,tsushi,ウシオ　ツヨシ,マイクロソフトコーポレーション,ITPro - Japan,シニアテクニカルエバンジェリスト,日本語,,Internal Only,DevOps に興味がある方、MSテクノロジに興味がある方,,,,,,,クラウド開発;#DevOps(チーム開発);#Microsoft Azure;#Visual Stuido;#クラウド,DOO-014,2. 第二弾,Item,teams/decode2016spk/Lists/BSInfo
Azure IoT Suite を活用したカスタム ソリューションの作成方法,Azure IoT Suite を使用すると、クラウドに接続されたデバイスから大量のデータを収集し、監視や分析を行うような IoT ソリューションを、シナリオに合わせてすぐに展開することができます。本セッションでは事前に構成されたソリューションのカスタマイズ方法やデバイスの開発方法について、デモを交えながら解説します。,2.Data Platform,300,開発者,長谷部 寛之,hiroyha,ハセベ ヒロユキ,日本マイクロソフト株式会社,カスタマー サービス＆サポート,プレミアフィールドエンジニア,日本語,,Internal Only,IoT ソリューションの開発に興味のル技術者の皆様は、ぜひご参加ください。,,,,,,,クラウド開発;#Microsoft Azure;#クラウド;#ビッグデータ;#IoT & デバイス,DBP-003,2. 第二弾,Item,teams/decode2016spk/Lists/BSInfo
Windows 10のブラウザー、Edge のこれからについて,"Microsoft Edgeは他のWebブラウザーとの相互運用性を重視し、Web標準のみならず、デファクトスタンダードな技術も積極的にサポートしていきます。
このセッションでは、今後の予定される機能実装、そしてWindows10という視点から今後のEdgeの方向性について参加者とディスカッションします。",9.Chalk Talk,200,開発者,物江　修,osamum,モノエ　オサム,日本マイクロソフト株式会社,デベロッパー エバンジェリズム統括本部,エバンジェリスト,日本語,"春日井 良隆
yoshika
Windows & デバイス本部
プロダクト マネージャー

・氏名:  羽田野太巳 (ハタノ フトミ)
・会社名 : 有限会社futomi 代表取締役／株式会社ニューフォリア 最高技術責任者

・氏名: 白石俊平 (シライシ シュンペイ)
・会社名 : 株式会社オープンウェブ・テクノロジー
・部署名なし
・役職 : CEO/TechFeed編集長

・氏名: 吉川徹(ヨシカワ トオル)
・コミュニティ名: html5j.org

",External,,,,,,,,Web開発,CHK-007,2. 第二弾,Item,teams/decode2016spk/Lists/BSInfo
Windows 10 ×　Gaming ×　Feature ×　Development,Windows 10 は最強のゲーミングプラットフォームです。実際 Windows 10 はゲーミングプラットフォームとして急速に普及しており多くのゲーマーが Windows 10 を利用しています。このセッションでは最強たらしめているテクノロジー、サービス、それらを使ったアイディア、開発ソリューション、開発環境についてちょっとイイ話をいたします。,4.Client,200,開発者;#アーキテクト,鵜木 健栄,kunoki,ウノキ　ケンエイ,日本マイクロソフト株式会社,デベロッパー エバンジェリズム統括本部,エバンジェリスト,日本語,,Internal Only,UWPのみならずゲーム/エンターテインメント開発にご興味ある方はぜひ、ご参加ください,,,,,,,UWP開発;#クロスプラットフォーム;#Windows;#Visual Stuido;#Xbox;#クラウド,CLT-013,2. 第二弾,Item,teams/decode2016spk/Lists/BSInfo
Pepper × Microsoft Azure 協業の舞台裏 ~未来の商品棚から広がる世界~,Softbank Robotics 様との協業によるリテール向けソリューションを発表していますが、そこで利用されるアーキテクチャ、技術について解説します。Pepper や Surface Hub を始めとしたデバイスとクラウドの連携方式、Azure IoT Hub、Stream Analytics、Machine Learning、SQL Database、Data Lake、Power BI の各サービスの利用方式、スケーラビリティを確保する為のアプリケーション実装について解説致します。,2.Data Platform,300,開発者;#アーキテクト,宮原　誠治,seijim,ミヤハラ　セイジ,日本マイクロソフト株式会社,クラウド＆ソリューションビジネス統括本部,クラウド ソリューション アーキテクト,日本語,,Internal Only,クラウド AI & エッジ AI、IoT、デバイス間連携、ビッグデータ などにご興味のあるクラウド アプリケーション開発者の方は、是非ご参加ください。,,,,,,,クラウド開発;#Microsoft Azure;#.NET;#クラウド;#ビッグデータ;#IoT & デバイス,DBP-015,3. 第三弾,Item,teams/decode2016spk/Lists/BSInfo
データ分析のさらに一歩先へ Cortana Intelligence Suite,マイクロソフトは Cortana Intelligence Suite (CIS) という名の基にデータ分析、データ インテリジェンスを包括的に支える仕組みを提供しています。CIS はデータ収集から分析、可視化までを一気通貫で行えるサービス群と共に画像、音声のマルチメディア解析 API である Cognitive Services や自動応答エージェントである Bot Framework も含んでいます。このセッションでは、CIS が何であり、どのように使って頂くのがよいかをご説明します。,2.Data Platform,300,開発者;#ITプロ;#アーキテクト,笹木　幸一郎,kosasaki,ササキ　コウイチロウ,日本マイクロソフト株式会社,Global Black Belt,アナリティクス テクノロジー ソリューション プロフェッショナル,日本語,,Internal Only,データ分析や AI に関する仕事に携わる皆様、ぜひご参加ください。,,,,,,,クラウド開発;#Microsoft Azure;#クラウド;#ビッグデータ;#IoT & デバイス,DBP-002,3. 第三弾,Item,teams/decode2016spk/Lists/BSInfo
実践！App Service 徹底活用 ～ 一貫したビジネスロジックの実現,本セッションはビジネスシナリオを元にして、App Service をどのようにソリューションへ適用していくかをご紹介します。特に App Service のうちビジネスロジックを実現するサービスである Mobile Apps、API Apps そして Logic Apps にフォーカスし、App Service を活用したビジネスロジックの設計～インプリメントの流れを紹介しつつサービス構築の手法をご紹介させていただきます。,1.Development,400,開発者;#アーキテクト,酒井 達明,tasakai,サカイ タツアキ,日本マイクロソフト株式会社,クラウド＆ソリューションビジネス統轄本部,クラウドソリューションアーキテクト,日本語,,Internal Only,,,,,,,,クラウド開発;#Microsoft Azure,DEV-015,2. 第二弾,Item,teams/decode2016spk/Lists/BSInfo
"アプリ 環境は Azure にお任せ！～ Azure App Service 基本の ""ます。特",必要な時にアプリケーションサーバー環境をすぐ調達できる Azure App Service。Web サーバーはもちろん、モバイルアプリ向けプラットフォームや、各種サービス API 作成、サービス間接続など、アプリ開発環境を整えるサービスや開発に役に立つ機能を数多くご用意しています。当セッションでは Azure App Service の各種サービスや機能を改めてご紹介し、活用方法をデモを交えながらご紹介いたします。,1.Development,300,開発者,佐藤 直樹,naokis,サトウナオキ,日本マイクロソフト株式会社,デベロッパー エバンジェリズム統括本部,テクニカル エバンジェリスト,日本語,,Internal Only,アプリケーション開発に携わる開発者の皆様、Azure が提供するアプリ環境サービス (App Service) を知りたい方。,,,,,,,Web開発;#クラウド開発;#Microsoft Azure;#Visual Stuido;#.NET;#クラウド,DEV-014,2. 第二弾,Item,teams/decode2016spk/Lists/BSInfo
拝啓 『変わらない開発現場』を嘆く皆様へ　～エンプラ系 SI 開発現場の「今」を変えていくために～,de:code で取り上げられる最先端技術の数々にワクワクしながらも、ふと翌日から戻る開発現場のことを思うと暗くなってしまうという方、実は多いのではないでしょうか？　エンタープライズ系の業務システム開発の世界では、未だ 10 年以上前のやり方から進化しておらず、進化の糸口が見つけられず悩まれている方も多いと思います。本セッションでは、（de:code ですが）敢えて最新開発テクノロジの話は一切しません。エンプラ系 SIer の PL/PM/SE の方々向けに、設計やテスト手法の改善テクニックの要点などを通して、開発現場を改善していくための考え方を解説します。,4.Client,200,開発者;#アーキテクト,赤間　信幸,nakama,アカマ　ノブユキ,日本マイクロソフト株式会社,エンタープライズサービス統括本部,プリンシパルコンサルタント,日本語,,Internal Only,「Excel 方眼紙」「Excel 設計書」に身に覚えのある SIer の SE/PM/PL の皆様、日々の現場の忙しさのあまり心が折れそうになっている方々、セッションタイトルを見て共感を覚えた皆様はぜひご参加ください。,,,,,,,,CLT-016,3. 第三弾,Item,teams/decode2016spk/Lists/BSInfo
まだまだ進化が止まらない！ 開発者のための Microsoft Azure 最新機能,本セッションでは、Microsoft Azure の新機能やアップデート情報をまとめてご紹介します。Azure で今どんな変化が起きているのか、何ができるようになったのかを大雑把な概要を把握したい方、忙しい毎日の中でキャッチアップしきれない！という方、そして他のどのセッションを聞けばよいのか迷っている方に向けたセッションです。,1.Development,200,開発者;#アーキテクト,稲葉 歩,ainaba,イナバ アユム,日本マイクロソフト株式会社,クラウド＆ソリューションビジネス統轄本部,クラウドソリューションアーキテクト,日本語,,Internal Only,,,,,,,,クラウド開発;#Microsoft Azure,DEV-013,2. 第二弾,Item,teams/decode2016spk/Lists/BSInfo
Azure Search Deep Dive ～ 検索エクスペリエンス向上のためのノウハウ徹底解説 ～,今日、検索機能は、Web 検索、 適合性の高い検索結果を提供する e コマース サイトやソーシャル アプリ、入力時の検索候補、ファセット、強調表示、関連キーワードなどのさまざまな機能がユーザーの主要な操作手法として活用されています。Azure Search は これら検索機能を提供するための、クラウドにおけるフルマネージド型全文検索サービスです。本セッションでは Azure Search を使うことで実現可能なさまざまな検索エクスペリエンスをご紹介します。さらにテキスト分析やランキング処理といった検索エンジン特有の仕組みの解説、音声認証やレコメンデーション技術との連携技を交えつつ、Azure Search が持っている能力を最大限に引き出すためのノウハウを徹底解説します。,1.Development,400,開発者,川崎 庸市,yoichika,カワサキヨウイチ,日本マイクロソフト株式会社,クラウド＆ソリューションビジネス統轄本部,クラウドソリューションアーキテクト,日本語,,Internal Only,アプリケーションの開発にかかわる皆様、検索機能に関心のある皆様、ぜひご参加ください,,,,,,,Web開発;#Microsoft Azure;#クラウド,DEV-018,2. 第二弾,Item,teams/decode2016spk/Lists/BSInfo
Programmable Video ～ Azure Media Services でのビデオサービス開発 ～,コンテンツの種類として文字・写真に加えて、ビデオを活用するサービスが多く出始めました。自身のサービスの中で以下に効率的にビデオが活用できるのか? そのための映像配信、メタデータ作成のためにAzure の各種機能をどう使えばいいのか。このセッションでは、動画のワークフローを司るAzure Media Services と Azure CDN を中心に、開発者のための API による動画の制御について紹介をします。機械学習の成果でもあるAzure Cognitive Services についても触れます。,1.Development,300,開発者,畠山 大有,dahatake,ハタケヤマ　ダイユウ,日本マイクロソフト株式会社,デベロッパー エバンジェリズム統括本部,エバンジェリスト,日本語,,Internal Only,,動画やろうぜ! Azure Media Services で始めるライブ配信,https://channel9.msdn.com/Events/de-code/decode-2015/DEV-014,Azure Media Technical Summit in Tokyo 2015,https://channel9.msdn.com/Shows/Azure-Media-Technical-Summit-in-Tokyo-2015,,,Web開発;#クラウド開発;#Microsoft Azure;#ビッグデータ,DEV-019,2. 第二弾,Item,teams/decode2016spk/Lists/BSInfo
TypeScript ～ Any browser. Any host. Any OS. Open Source ～,"JavaScript のスーパーセットとして登場した ""規模 Web アプリケーション開発を大きくスケールさせることができる多くの利点を持ち揃えています。そして、2014 年 4 月 2 日の TypeScript 1.0 リリースから 2 年が経った今、”Any browser. Any host. Any OS.” のビジョンのもとで着実に進化をしている TypeScript を、言語仕様やツールサポートといった観点から詳しく解説します。。ces についても触れます。",1.Development,300,開発者,井上 章,akirain,イノウエ アキラ,日本マイクロソフト株式会社,デベロッパー エバンジェリズム統括本部,テクニカル エバンジェリスト,日本語,,Internal Only,avaScript を使った Web アプリケーション開発に携わる開発者の皆様。特に、大規模開発で JavaScript を利用、もしくは利用検討されている方はぜひご参加ください。,TypeScript - JavaScript that scales.,http://www.typescriptlang.org/,TypeScript Home on GitHub  ,https://github.com/Microsoft/TypeScript,What's New in TypeScript? : Build 2016,https://channel9.msdn.com/Events/Build/2016/B881,Web開発;#OSS;#開発言語;#Visual Stuido;#.NET,DEV-011,2. 第二弾,Item,teams/decode2016spk/Lists/BSInfo
有能な AI アシスタントを手に入れる！Microsoft Cognitive Services 入門,人間の行動をコンピューターで実現する技術である AI (人工知能)。この技術により、画像や音声の認識、自然言語によるコミュニケーションなど、人間の認知機能がモデル化され、今やそのモデルを簡単に利用できる時代になってきています。Build 2016 でも大きく取り上げられた Microsoft Cognitive Services (旧称: Project Oxford) は、そのような人間の認知機能モデルを API 経由で取り入れることができるサービスです。このセッションでは、Cognitive Services と関連サービスを活用した、人間にとって自然に感じられる “AI アシスタント” のコアとなるサービスの開発について、デモを交えながら解説します。,2.Data Platform,300,開発者,大森 彩子,ayomori,オオモリ アヤコ,日本マイクロソフト株式会社,デベロッパー エバンジェリズム統括本部,エバンジェリスト,日本語,,Internal Only,機械学習 API を活用したインテリジェントなアプリケーション開発に興味のある技術者の皆様、ぜひご参加ください。,,,,,,,Web開発;#クラウド開発;#Microsoft Azure;#Visual Stuido;#.NET;#Bing;#クラウド;#ビッグデータ,DBP-018,3. 第三弾,Item,teams/decode2016spk/Lists/BSInfo
みんなで作る Windows 10！ ～ Windows Insider からのフィードバック・データの活用方法 ～,Windows 10 は皆様からのフィードバックや利用データをもとにして開発が行なわれております。本セッションでは、実際の Windows の開発プロセス、そして皆様からのフィードバックや利用データの活用方法を大胆に公開します。データの収集、分析、可視化、そして製品に反映させるまでを、実際に使用しているツールの紹介も交えてご紹介致します。,4.Client,200,開発者;#ITプロ;#アーキテクト,渡邊 飛雄馬,HyumaW,ワタナベ ヒュウマ,マイクロソフトディベロップメント株式会社,Windows & Devices 開発統括部,プログラムマネージャ,日本語,Yoshitaka Kasugai,Internal Only,Windows 10 の開発舞台裏や、データドリブン開発に興味のある皆様、そして Windows Insider の皆様は是非ご参加ください。,,,,,,,DevOps(チーム開発);#スペシャルセッション;#Windows;#ビッグデータ,CLT-008,2. 第二弾,Item,teams/decode2016spk/Lists/BSInfo
FinTechだけじゃモッタイ無い！ブロックチェーン とクラウドが作る未来,"FinTech分野で注目されているブロックチェーンという技術が世に登場し、その新しい技術を金融分野をはじめとした、様々な企業が実証実験も始めています。資金決済、証券だけでなく、土地取引、ナショナルプロジェクトなど、幅広い分野での応用が見込まれています。
このセッションでは、そもそもブロックチェーンを支える主要技術と今後の見込まれる技術の展開がどうなるのか?
日本国内で活躍するブロックチェーンベンチャーと共に、進み続けるブロックチェーンの技術と今後の展望や応用などについて熱く語り合います。",7.DevOps & OSS,300,開発者;#アーキテクト,増渕 大輔,damasu,マスブチ ダイスケ,日本マイクロソフト株式会社,デベロッパー エバンジェリズム統括本部,エバンジェリスト,日本語,"日本マイクロソフト株式会社
クラウド&ソリューションビジネス統括本部
クラウドソリューションアーキテクト
廣瀬　一海
",Internal Only,ブロックチェーン に興味のある全てのエンジニアの方向けです。,,,,,,,クラウド開発;#Microsoft Azure,DOO-012,3. 第三弾,Item,teams/decode2016spk/Lists/BSInfo
"サイバーセキュリティ、IT Pro, 開発、経営　それぞれの視点",日本においても、2011年頃から深刻なサイバーセキュリティ被害が目立つようになりました。現在の攻撃側が有利な状況に対応していくためには、IT部門ばかりではなく、製品開発や経営的な分野でも深くかかわる必要があります。当セッションでは、現在の脅威を俯瞰し、脅威に対応し、ITをビジネスに活用するための、開発、IT、経営の課題と必要とされる対応について提案します。,6.Architecture,200,開発者;#ITプロ;#アーキテクト,高橋　正和,masataka,タカハシ　マサカズ,日本マイクロソフト株式会社,,チーフセキュリティアドバイザー,日本語,,Internal Only,,Enterprise Security,https://www.microsoft.com/ja-jp/business/enterprise-security/default.aspx,Windows 10 Securityの参考訳（Protection against modern security threats）,https://blogs.technet.microsoft.com/jpsecurity/2016/03/28/%e5%8f%82%e8%80%83%e8%a8%b3-windows-10-%e3%82%bb%e3%82%ad%e3%83%a5%e3%83%aa%e3%83%86%e3%82%a3/,サイバーセキュリティ対策ラウンドテーブル ～セキュリティのプロフェッショナルが語る!～ ,https://www.youtube.com/watch?v=hbQOkc4C5xo,情報セキュリティ;#事業継続;#クラウド,ARC-006,2. 第二弾,Item,teams/decode2016spk/Lists/BSInfo
Azure / Windows Server 2016 から学ぶWindows 系インフラエンジニアのためのDevOps,"Windows Server 2016 や Azure Stack の新機能の説明には DevOps というキーワードがたくさん出てきます。また、最近のマイクロソフトは OSS との連携をより強力にしていることに気付いているかもしれません。ただ、これまで Windows Server を担当していたエンジニアの方々には遠い存在だったのも事実。
そこで本セッションでは、Windows Server 2016 や Azure の新機能を絡めながら、DevOpsとは何か、マイクロソフトが注目した OSS の魅力とは何かを改めてご紹介していきます。",7.DevOps & OSS,300,ITプロ;#アーキテクト,高添 修,osamut,高添 修,日本マイクロソフト株式会社,デベロッパー エバンジェリズム統括本部,エバンジェリスト,日本語,"日本マイクロソフト株式会社
デベロッパー エバンジェリズム統括本部
オーディエンスエバンジェリズムマネージャー

小塚 大介",Internal Only,これまで Microsoft 製品を扱ってきたエンジニアの皆様で Windows Server 2016 の新しい機能や Azure Stack に興味を持ってくださる方はぜひご参加ください。,,,,,,,DevOps(チーム開発);#OSS;#Microsoft Azure;#Windows Server,DOO-015,3. 第三弾,Item,teams/decode2016spk/Lists/BSInfo
.NET言語（C#）と .NET コンパライプラットフォーム（Roslyn）最新情報,このセッションでは、.NET 系プログラミング言語の最新情報をお伝えしていきます。特に C# の最新バージョン C#7 の新機能（タプル、パターンマッチングなど）や、.NET コンパイラプラットフォーム（Roslyn）について興味のある方は、ご参加ください。,1.Development,300,開発者,渡辺 弘之,hiwatan,ワタナベ ヒロユキ,日本マイクロソフト株式会社,デベロッパー エバンジェリズム統括本部,テクニカル エバンジェリスト,日本語,,Internal Only,,,,,,,,Web開発;#UWP開発;#クラウド開発;#開発言語;#クロスプラットフォーム;#Visual Stuido;#.NET,DEV-012,3. 第三弾,Item,teams/decode2016spk/Lists/BSInfo
りんなを徹底解剖。”Rinna Conversation Services” を支える自然言語処理アルゴリズム,「女子高生 AI りんな」を元にチューニングされた bot サービス ”Rinna Conversation Services (RCS)” を使うと、自分の Twitter アカウントで ”rinna” がしゃべり出します。本セッションでは、RCS の根幹である RNN（再帰型ニューラル ネットワーク）による自然言語処理アルゴリズムや、Azure 上のアーキテクチャを解説し、りんなの仕組みを徹底解剖します。参加者には、一足先に RCS を利用するための「呪文」を提供します。,2.Data Platform,300,開発者;#アーキテクト,砂金 信一郎,shisago,イサゴ シンイチロウ,日本マイクロソフト株式会社,デベロッパー エバンジェリズム統括本部,部長 エバンジェリスト,日本語,"坪井 一菜
ktsuboi
ツボイ カズナ
マイクロソフト ディベロップメント株式会社
STC Japan
プログラム マネージャー

Wu Xianchao
xiancwu
ウーシャンチャオ
マイクロソフト ディベロップメント株式会社
STC Japan
ソフトウェアディベロップメントエンジニアⅡ",Internal Only,bot 開発を検討されている方、自然言語処理に興味のある方、AI との対話で未来を感じたい方、是非ご参加ください。,,,,,,,クラウド開発;#Microsoft Azure;#Bing;#クラウド;#ビッグデータ,DBP-019,3. 第三弾,Item,teams/decode2016spk/Lists/BSInfo
Azure SQL Database: Current and Futures,"Azure SQL Database is on a roll with a blockbuster set of new features. Attend this session to understand the big changes and investments with Azure SQL Database -- elastic database pools, elastic database jobs, enhanced disaster recovery, transparent data encryption, expanded T-SQL surface area to name a few. Learn more about where we are today and what will be coming in the future.
This is NDA session (NDAへの署名が必要です)",9.Chalk Talk,400,開発者;#ITプロ,Lara Rubbelke,larar,,Microsoft Corporation,Developer Experience and Evangelism,Principle Software Development Engineer Lead,英語,,Internal Only,Microsoft MVP もしくは NDAに署名いただける方,,,,,,,Microsoft Azure;#SQL Server;#ビッグデータ,CHK-010,3. 第三弾,Item,teams/decode2016spk/Lists/BSInfo
Azure IoT ソリューションアーキテクチャ,本セッションでは、IoT Hub、Stream AnalyticsなどのAzure IoT 関連サービスを利用したAzure IoT ソリューションのアーキテクチャについて、その実現性も踏まえてデモを交えながら解説します。,6.Architecture,300,開発者;#アーキテクト,中田 光昭,mnakat,ナカタ ミツアキ,日本マイクロソフト株式会社,Global Black Belt,IoT テクノロジーソリューションプロフェッショナル,日本語,,Internal Only,,Azure IoT デベロッパー センター,https://azure.microsoft.com/ja-jp/develop/iot/,Azure IoT Hub,https://azure.microsoft.com/ja-jp/documentation/services/iot-hub/,,,IoT & デバイス,ARC-008,2. 第二弾,Item,teams/decode2016spk/Lists/BSInfo
一挙紹介 ! Office 365 でおさえておくべき最新機能,本セッションでは、Office 365 の新機能やアップデート情報をまとめてご紹介します。Office 365 で最近どのような変化が起きているのか、何ができるようになったのか概要を把握したい方、Office 365 の現在の姿を確認したい方、そして少し未来の Office 365 の姿を覗いてみたい方に向けたセッションです。,5.Productivity,200,ITプロ;#アーキテクト,秋本 尚吾,shogoa,アキモトショウゴ,日本マイクロソフト株式会社,クラウド＆ソリューションビジネス統括本部,プリンシパルテクノロジースペシャリスト,日本語,,Internal Only,Office 365 に携わるすべての皆様。特に、Office 365 の提案、展開、そして運用を行う方はぜひご参加ください。,,,,,,,Office 365;#クラウド;#運用,PRD-010,3. 第三弾,Item,teams/decode2016spk/Lists/BSInfo
Using Azure Data Services for Modern Data Applications,Learn how to build next generation data applications using the scale of Azure Data Services. This session will walk through the common stages in modern design patterns and drill into the strengths of each service common application patterns for integration of large scale data analysis in the cloud using these services.  Through these common design patterns and code samples you will better understand how modern applications are applying Azure services to process and serve data.,2.Data Platform,300,開発者;#ITプロ;#アーキテクト,Lara Rubbelke,larar,Lara Rubbelke,Microsoft Corporation,Developer Experience and Evangelism,Principal Software Development Engineer Manager,英語,,Internal Only,クラウドにおける大規模データ分析に興味のある技術者の皆様、ぜひご参加ください。,Azure SQL Data Warehouse,https://azure.microsoft.com/ja-jp/services/sql-data-warehouse/,Azure Data Lake Store,https://azure.microsoft.com/ja-jp/services/data-lake-store/,Azure Data Lake Analytics,https://azure.microsoft.com/ja-jp/services/data-lake-analytics/,クラウド開発;#Microsoft Azure;#SQL Server;#クラウド;#ビッグデータ,DBP-010,3. 第三弾,Item,teams/decode2016spk/Lists/BSInfo
Docker 最新動向と Azure Container Service 入門,"昨今の IT で注目されているコンテナ技術ですが、その中でも Docker は多くのエンジニアから注目され、Windows Server 2016 でも対応が表明されています。
本セッションでは、Docker の基本から最新動向、Azure Container Serviceによるサービス環境への展開についてご紹介いたします。",7.DevOps & OSS,300,開発者;#ITプロ;#アーキテクト,久森 達郎,tahisamo,ヒサモリ タツロウ,日本マイクロソフト株式会社,デベロッパー エバンジェリズム統括本部,エバンジェリスト,日本語,"クリエーションライン株式会社
前佛 雅人 氏",External,Container 技術、Docker に興味のあるすべての方,,,,,,,クラウド開発;#DevOps(チーム開発);#OSS;#Microsoft Azure;#クラウド,DOO-013,3. 第三弾,Item,teams/decode2016spk/Lists/BSInfo
RDB 技術者のための NoSQL ガイド,"「今」の NoSQL のこと、わかっていますか? まだ、こんな勘違いをしたり、不正確な情報・古いイメージで見ていたりしませんか?

・バッチが高速になる
・トランザクションが高速になる
・ビッグデータを分析できる
・非構造データが効率的に扱える
・RDB から置き換えると速くなる
・オープンソースしかない
・スキーマがない
・SQL が使えない

本セッションは、書籍「RDB 技術者のための NoSQL ガイド」の著者陣が、RDB エンジニアを対象に、エンタープライズ環境で NoSQL をどのように活用すべきかを説明します。NoSQLの全体像、MongoDB、Cassandra、Azure DocumentDBなどを取り上げます。

Azure DocumentDB については、セッション DBP-016 にもご参加ください。",6.Architecture,300,開発者;#アーキテクト,佐藤 直生,nasat,サトウ ナオキ,日本マイクロソフト株式会社,デベロッパー エバンジェリズム統括本部,エバンジェリスト,日本語,"渡部 徹太郎
ワタナベ テツタロウ
株式会社リクルートテクノロジーズ
ビッグデータ部
テクニカルエンジニア
(external speaker) Tetsutaro Watanabe.jpg

原沢 滋
ハラサワ シゲル
DataStax Inc,.
Business Development
(external speaker) Shigeru Harasawa.png",External,NoSQL に興味ある RDB 技術者の皆様、ぜひご参加ください。,書籍「RDB技術者のためのNoSQLガイド」,http://www.shuwasystem.co.jp/products/7980html/4573.html,Azure DocumentDB,https://azure.microsoft.com/ja-jp/services/documentdb/,DataStax,http://www.datastax.com/partners/microsoft-azure,クラウド開発;#OSS;#Microsoft Azure;#クラウド;#ビッグデータ,ARC-009,3. 第三弾,Item,teams/decode2016spk/Lists/BSInfo
Bot Framework & Cognitive Services ～自動応答ソリューション開発に挑戦～,"既存のシステムやアプリケーションに Bot 機能を追加したり、新しい自動応答ソリューションとして構築するなど、今後、話型インタフェースを使った自動応答サービスはますますニーズが増えてきます。
このセッションでは、//Build 2016 で発表された Microsoft Bot Framework と Microsoft Cognitive Services（旧 Project Oxford）をテーマにその仕組みや実装方法、開発手法を紹介します。
かなり開発者向けの内容となりますが、判りやすいデモンストレーションも多数ご用意し、どなたでもお楽しみ頂けるよう配慮いたします。",1.Development,300,開発者,ジニアス平井（平井 昌人）,masath,じにあすひらい,日本マイクロソフト株式会社,マイクロソフトテクノロジーセンター,テクニカルアーキテクト,日本語,,Internal Only,Bot Framework や Cognitive Services に関心をお持ちの方や自動応答ソリューションの開発にご興味があるデベロッパーの皆様。,,,,,,,クラウド開発;#クラウド,DEV-020,3. 第三弾,Item,teams/decode2016spk/Lists/BSInfo
The Future of Visual Studio,Come to hear the future of Visual Studio. This session will illustrate how Visual Studio is evolving demo by demo. We’ll show you the latest capabilities to enable any developer to build any apps. We’ll provide a preview of the streamlined acquisition experience for the next release of Visual Studio. You will see the cutting edge features we are working on to bring your productivity to the next level. We’ll even provide a back stage peek into how we’re using your feedback to continuously improve Visual Studio.,1.Development,200,開発者,Drew Robbins,drobbins,,日本マイクロソフト株式会社,デベロッパー エバンジェリズム統括本部,,英語,,Internal Only,,,,,,,,Visual Stuido,DEV-006,3. 第三弾,Item,teams/decode2016spk/Lists/BSInfo
ここを使うだけで大幅に業務効率改善！Visual Studio 2015 Update 2 の最新便利機能をピックアップ,"アジャイル開発や DevOps など、さらなる迅速性が求められている開発現場において”同じコードを何度も書く”、”ユニットテストを新規に作成する”、”原因不明のバグを調査する”など、日々の作業は手間のかかることが多くあります。
このセッションでは、知っていれば得する Visual Studio 2015 Update 2 の最新機能をそれぞれのデモによって詳細に紹介します。",1.Development,300,開発者;#アーキテクト,藤原 祐之,mafujiw,フジワラ マサシ,日本マイクロソフト株式会社,デベロッパー エバンジェリズム統括本部,テクノロジースペシャリスト,日本語,,Internal Only,,,,,,,,Visual Stuido,DEV-004,3. 第三弾,Item,teams/decode2016spk/Lists/BSInfo
いざ無制限のデータの彼方へ! ～ Azure Data Lake 開発の知識とベストプラクティス ～,"データを蓄積・解析するエンジンとして、フラットファイルを扱う時代から、データベースへと進化しました。RDBMS が導入した ""れています。
このセッションでは、Microsoft 自身が Big Data を扱うために開発した Cosmos をベースにして開発された Azure Data Lake と、クエリ言語 U-SQL についてそのアーキテクチャ、開発手法及びベスト プラクティスをご紹介します。eence for the next release of Visual Studio. You will s",2.Data Platform,300,開発者;#アーキテクト,畠山 大有,dahatake,ハタケヤマ　ダイユウ,日本マイクロソフト株式会社,デベロッパー エバンジェリズム統括本部,エバンジェリスト,日本語,,Internal Only,,Azure Data Lake Store,https://azure.microsoft.com/ja-jp/documentation/services/data-lake-store/,Azure Data Lake Analytics,https://azure.microsoft.com/ja-jp/documentation/services/data-lake-analytics/,,,Microsoft Azure;#Visual Stuido;#ビッグデータ,DBP-020,3. 第三弾,Item,teams/decode2016spk/Lists/BSInfo
これから始める Xamarin ? 環境構築から iOS/Android/UWP アプリのビルドまで ?,C# だけでモバイルアプリを開発できる、クロスプラットフォーム開発ツール「Xamarin (ザマリン)」の入門セッションです。iOS/Android/UWP アプリをすべて C# で書ける上に、コードも（一部の UI 部分以外）共通化することができ、開発においての大きなコスト削減が可能となります。IDE として Visual Studio を使用でき、UI を共通化するライブラリ Xamarin.Forms の開発手法を用いることで、Visual Studio 開発者になじみの深い XAML で UI を記述することも可能です。モバイル開発に興味のある開発者の方は、2016 年 4 月からの無償化で大きな話題を集めている Xamarin を、ぜひご覧ください。,1.Development,200,開発者,千代田 まどか,machiy,チヨダ マドカ,日本マイクロソフト株式会社,デベロッパー エバンジェリズム統括本部,テクニカル エバンジェリスト,日本語,"田淵 義人 (エクセルソフト株式会社)
砂金 信一郎
高橋 忍
",External,モバイル開発に興味のある開発者の方,,,,,,,UWP開発;#開発言語;#クロスプラットフォーム;#Visual Stuido;#.NET,DEV-022,3. 第三弾,Item,teams/decode2016spk/Lists/BSInfo
Building Cloud Connected Xamarin Apps,"Xamarin and Microsoft empower .NET developers to develop native Android, iOS, and Windows apps without learning a new language or IDE.  Azure App Service Mobile Apps is a cloud app service that integrates everything you need on the server side to empower your mobile apps.  In this session, we’ll go over how Xamarin works and how you can reuse your existing .NET skills to build out client apps for all platforms as well as your app backend running on Azure.  We’ll cover the basics of sharing code, discuss how and when to go platform specific, walk through integrating the Mobile Apps SDK into your apps and start making use of it’s features, and more.  You’ll leave this session with the know how to get started with Xamarin and Azure to build your mobile apps today!",1.Development,300,開発者,Chris Risner,chrisner,,Microsoft Corporation,TED Services & Devices,Sr. SDE Manager,英語,,Internal Only,,,,,,,,クラウド開発;#開発言語;#クロスプラットフォーム;#Microsoft Azure;#Visual Stuido;#.NET,DEV-007,3. 第三弾,Item,teams/decode2016spk/Lists/BSInfo
そのエラーや お困りごと、ツールを使えば解決できるかも！～Sysinternals や OS 標準ツールの徹底活用術 ～,"日々の運用やトラブルの時に「いきなり Web 検索」に頼りきっていませんか？情報が見つかればよいですが、そうでもないと検索にばかり時間がとられてしまうことも。。。
そんな時に目を向けていただきたいのが、Sysinternals や OS 標準のツールです。「サーバーの負荷が高いけど、何をどう見たらよいの？」「OS の動きが怪しいけど、何が原因？」「Stop Error が表示されたけど、どうすればよいの？」等々、ツールを使いこなせば、様々な視点からシステムが見えてくることがあります。本セッションでは、デモを交えながら、様々なツールの使い方をご紹介いたします。",3.Infrastructure,300,ITプロ,三浦 俊平太,shunpem,ミウラ　シュンペイタ,日本マイクロソフト株式会社,クラウドプラットフォーム技術部,テクノロジーソリューションプロフェッショナル,日本語,"日本マイクロソフト株式会社
クラウドプラットフォーム技術部
テクノロジーソリューションプロフェッショナル
前島 鷹賢",Internal Only,ITの運用やアプリケーションのトラブルシューティングなどを行う必要があるエンジニアの方は、是非ご参加ください。,,,,,,,Windows;#Windows Server;#運用,INF-028,3. 第三弾,Item,teams/decode2016spk/Lists/BSInfo
